-- phpMyAdmin SQL Dump
-- version 4.8.5
-- https://www.phpmyadmin.net/
--
-- Host: localhost
-- Generation Time: Apr 22, 2019 at 03:28 PM
-- Server version: 5.7.23
-- PHP Version: 7.1.19

SET SQL_MODE = "NO_AUTO_VALUE_ON_ZERO";
SET AUTOCOMMIT = 0;
START TRANSACTION;
SET time_zone = "+00:00";


/*!40101 SET @OLD_CHARACTER_SET_CLIENT=@@CHARACTER_SET_CLIENT */;
/*!40101 SET @OLD_CHARACTER_SET_RESULTS=@@CHARACTER_SET_RESULTS */;
/*!40101 SET @OLD_COLLATION_CONNECTION=@@COLLATION_CONNECTION */;
/*!40101 SET NAMES utf8mb4 */;

--
-- Database: `eapi`
--

-- --------------------------------------------------------

--
-- Table structure for table `migrations`
--

CREATE TABLE `migrations` (
  `id` int(10) UNSIGNED NOT NULL,
  `migration` varchar(255) COLLATE utf8mb4_unicode_ci NOT NULL,
  `batch` int(11) NOT NULL
) ENGINE=InnoDB DEFAULT CHARSET=utf8mb4 COLLATE=utf8mb4_unicode_ci;

--
-- Dumping data for table `migrations`
--

INSERT INTO `migrations` (`id`, `migration`, `batch`) VALUES
(1, '2014_10_12_000000_create_users_table', 1),
(2, '2014_10_12_100000_create_password_resets_table', 1),
(3, '2019_04_22_142019_create_products_table', 1),
(4, '2019_04_22_142032_create_reviews_table', 1);

-- --------------------------------------------------------

--
-- Table structure for table `password_resets`
--

CREATE TABLE `password_resets` (
  `email` varchar(255) COLLATE utf8mb4_unicode_ci NOT NULL,
  `token` varchar(255) COLLATE utf8mb4_unicode_ci NOT NULL,
  `created_at` timestamp NULL DEFAULT NULL
) ENGINE=InnoDB DEFAULT CHARSET=utf8mb4 COLLATE=utf8mb4_unicode_ci;

-- --------------------------------------------------------

--
-- Table structure for table `products`
--

CREATE TABLE `products` (
  `id` int(10) UNSIGNED NOT NULL,
  `name` varchar(255) COLLATE utf8mb4_unicode_ci NOT NULL,
  `detail` text COLLATE utf8mb4_unicode_ci NOT NULL,
  `price` int(11) NOT NULL,
  `discount` int(11) NOT NULL,
  `stock` int(11) NOT NULL,
  `created_at` timestamp NULL DEFAULT NULL,
  `updated_at` timestamp NULL DEFAULT NULL
) ENGINE=InnoDB DEFAULT CHARSET=utf8mb4 COLLATE=utf8mb4_unicode_ci;

--
-- Dumping data for table `products`
--

INSERT INTO `products` (`id`, `name`, `detail`, `price`, `discount`, `stock`, `created_at`, `updated_at`) VALUES
(1, 'facere', 'Officiis et consequatur atque nostrum dicta. Aut quasi soluta facilis suscipit. Maxime sint tenetur molestiae laudantium voluptatem.', 503, 1, 6, '2019-04-22 19:26:15', '2019-04-22 19:26:15'),
(2, 'quo', 'Corrupti sequi dolorum vitae illum. Dolores voluptatibus illum maiores et id est amet eligendi. Velit maxime et cumque est qui illo est.', 386, 7, 9, '2019-04-22 19:26:15', '2019-04-22 19:26:15'),
(3, 'reprehenderit', 'Aut beatae non ut repellat voluptatum. Quidem ipsa ea quae numquam. Unde est consequatur ut ut et architecto.', 561, 7, 27, '2019-04-22 19:26:15', '2019-04-22 19:26:15'),
(4, 'tempore', 'Ut consequuntur et et impedit. Maiores neque dolorem optio nihil itaque. Id occaecati sed vero. Alias quisquam distinctio hic velit voluptas et.', 886, 7, 3, '2019-04-22 19:26:15', '2019-04-22 19:26:15'),
(5, 'voluptatem', 'Qui impedit fuga dicta dolore consequatur expedita. Totam vel ut cum. Modi laboriosam rerum dolore atque porro qui occaecati.', 981, 7, 26, '2019-04-22 19:26:15', '2019-04-22 19:26:15'),
(6, 'eos', 'Accusamus dolor quia vel eveniet ducimus. Atque enim quibusdam aperiam voluptatum. Repellat optio ab eius ipsum sunt ab.', 701, 2, 17, '2019-04-22 19:26:15', '2019-04-22 19:26:15'),
(7, 'inventore', 'Optio perspiciatis aperiam incidunt nesciunt rem quo consequatur ad. Qui accusamus magni est iusto rerum nihil. Atque aut doloribus minima qui tenetur repellendus labore. Saepe veritatis cumque fuga ab culpa.', 174, 6, 6, '2019-04-22 19:26:15', '2019-04-22 19:26:15'),
(8, 'quam', 'Necessitatibus provident magnam quasi error earum aut vitae. Voluptatem totam dolor esse consequuntur.', 961, 7, 6, '2019-04-22 19:26:15', '2019-04-22 19:26:15'),
(9, 'doloremque', 'Deserunt molestiae voluptatem aliquam quia facilis sint. Alias aliquam consequuntur dolor quis deserunt. Ipsa ut repellendus ut commodi itaque architecto. Eos est cumque dolor eum. Rem dolorem corrupti nulla perferendis qui accusantium reiciendis.', 286, 0, 12, '2019-04-22 19:26:15', '2019-04-22 19:26:15'),
(10, 'officiis', 'Et quod harum sequi doloribus libero cupiditate neque. Facere natus ex consequatur.', 989, 4, 12, '2019-04-22 19:26:15', '2019-04-22 19:26:15'),
(11, 'non', 'Dignissimos aliquid repellat quaerat molestias. Voluptatem repellat aperiam eaque aperiam. Consequatur illum porro ipsam nobis rerum est. Quidem quia molestias reiciendis provident tempore temporibus nobis sed.', 364, 7, 3, '2019-04-22 19:26:15', '2019-04-22 19:26:15'),
(12, 'quo', 'Culpa exercitationem dolores earum vitae aut. Libero nemo et quae doloremque rerum est voluptas. Perspiciatis et modi officia nam aperiam. Ullam sint asperiores molestiae ab esse dolorum qui. Consequatur reiciendis dolor omnis minima.', 209, 7, 10, '2019-04-22 19:26:15', '2019-04-22 19:26:15'),
(13, 'omnis', 'Illum alias sunt dolorem quo adipisci officiis nostrum. Excepturi iusto nihil fuga sint atque necessitatibus iure. At debitis et ducimus eos.', 667, 3, 9, '2019-04-22 19:26:15', '2019-04-22 19:26:15'),
(14, 'et', 'Porro nemo sed vitae. Nihil voluptatem nam voluptatum molestiae sed pariatur. Nisi repellendus fugiat voluptatibus ea sapiente non ad. Omnis similique repudiandae fuga occaecati.', 999, 3, 26, '2019-04-22 19:26:15', '2019-04-22 19:26:15'),
(15, 'omnis', 'Cum consequatur nemo blanditiis enim molestiae deleniti. Doloribus consequatur aliquam fuga quaerat laudantium suscipit. Repudiandae nemo inventore autem molestias.', 167, 6, 11, '2019-04-22 19:26:15', '2019-04-22 19:26:15'),
(16, 'possimus', 'Molestias mollitia quas et ratione delectus laudantium necessitatibus consectetur. Maxime voluptatem hic sunt qui sunt illo. Id illum culpa perferendis repudiandae quia. Quod corrupti et illo vitae et voluptatem accusamus.', 543, 0, 7, '2019-04-22 19:26:15', '2019-04-22 19:26:15'),
(17, 'molestias', 'Non quasi enim unde sunt dolore est. Quia commodi et et.', 829, 4, 18, '2019-04-22 19:26:15', '2019-04-22 19:26:15'),
(18, 'molestias', 'Vitae est sit dolorem quos laborum tenetur. Veritatis et sunt ut sunt fugiat omnis maxime. Est quas in ipsa deserunt non quis. Neque architecto voluptatibus quo officia debitis voluptas animi.', 460, 9, 19, '2019-04-22 19:26:15', '2019-04-22 19:26:15'),
(19, 'expedita', 'Quibusdam aliquid aut sit laboriosam. Sequi est et occaecati. Occaecati ad non voluptas.', 562, 6, 4, '2019-04-22 19:26:15', '2019-04-22 19:26:15'),
(20, 'ut', 'Omnis doloremque velit nam dolorum. Qui omnis non consequuntur omnis. Aut non reprehenderit necessitatibus ad laboriosam fuga. Voluptatem est eaque atque occaecati voluptas aut quaerat quibusdam. Quis ut voluptatibus dignissimos.', 508, 1, 25, '2019-04-22 19:26:15', '2019-04-22 19:26:15'),
(21, 'molestiae', 'In ut dolore vel sed aut non reprehenderit. Nemo veniam quisquam hic vitae eligendi quam et. Sit ea ex repudiandae saepe quia modi. Laboriosam architecto itaque et eveniet.', 868, 8, 26, '2019-04-22 19:26:15', '2019-04-22 19:26:15'),
(22, 'at', 'At quo dolor aut voluptates voluptatem. Nulla unde nihil fugiat asperiores iste. Eos quaerat dolorem voluptas ipsam odio laudantium. Nobis ullam quisquam officia consectetur debitis vitae voluptas.', 631, 6, 10, '2019-04-22 19:26:15', '2019-04-22 19:26:15'),
(23, 'pariatur', 'Enim asperiores aut voluptas et. Consectetur molestiae iure reprehenderit velit quae porro reprehenderit. Fugit illo quidem ratione vero. Amet id perferendis libero tempora et fugiat officia.', 133, 4, 10, '2019-04-22 19:26:15', '2019-04-22 19:26:15'),
(24, 'non', 'Aut quas beatae quidem. Voluptatibus ab qui amet corrupti rerum et aliquid. Optio est magnam consequatur quia delectus sed.', 747, 4, 11, '2019-04-22 19:26:15', '2019-04-22 19:26:15'),
(25, 'quia', 'Voluptatem eius sit et odio qui debitis. Voluptas error nam porro. Molestias nesciunt illum saepe. Ea doloremque saepe distinctio dignissimos.', 695, 5, 22, '2019-04-22 19:26:15', '2019-04-22 19:26:15'),
(26, 'laborum', 'Ad enim doloribus et et. Repellendus minus esse cupiditate quam pariatur. Qui saepe velit quidem aliquam repellendus. Natus minima aliquid expedita voluptatem voluptatum excepturi. Dolore dolores voluptatem consequatur quo rerum tempore.', 143, 0, 9, '2019-04-22 19:26:15', '2019-04-22 19:26:15'),
(27, 'aut', 'Ullam et amet iusto quia ut est. Soluta sed fugit occaecati tenetur culpa iste. Sit architecto ut non neque.', 912, 3, 18, '2019-04-22 19:26:15', '2019-04-22 19:26:15'),
(28, 'debitis', 'Sunt dicta dicta quam. Est exercitationem quos quibusdam et dolor quibusdam. Quis excepturi necessitatibus totam. Asperiores nulla odit laboriosam sit atque. Perferendis vel omnis impedit voluptas ratione perspiciatis dolor nemo.', 848, 6, 12, '2019-04-22 19:26:15', '2019-04-22 19:26:15'),
(29, 'cupiditate', 'Modi ex debitis aut neque. Eos eos numquam pariatur omnis.', 565, 3, 8, '2019-04-22 19:26:15', '2019-04-22 19:26:15'),
(30, 'quia', 'Occaecati voluptatibus vel qui dolores aliquam dicta sed. Vero distinctio voluptas aperiam distinctio ipsa. Dicta eum voluptates minus error deserunt hic. Consequatur sed voluptatem fugit aut. Doloribus aut rerum et placeat qui delectus cupiditate.', 590, 4, 3, '2019-04-22 19:26:15', '2019-04-22 19:26:15'),
(31, 'harum', 'Dolor magnam eveniet enim est tenetur. Est odio voluptas et nostrum modi amet facilis sit. Dolorem libero debitis corporis sit in earum ut. Eius labore iste est aut non consequatur. Adipisci maiores quam libero odio necessitatibus nulla ea et.', 181, 8, 5, '2019-04-22 19:26:15', '2019-04-22 19:26:15'),
(32, 'molestiae', 'Ipsam perspiciatis voluptas perspiciatis quas quo repellat at. Hic et quae ut ut. Atque inventore aspernatur a animi amet qui odio omnis. Impedit vel aspernatur sapiente id doloremque atque adipisci. Dolorem aliquid excepturi quasi repudiandae distinctio voluptatem mollitia.', 814, 4, 20, '2019-04-22 19:26:15', '2019-04-22 19:26:15'),
(33, 'vero', 'Et omnis et enim temporibus porro. Adipisci quia quos distinctio recusandae voluptas modi. Fugiat qui sed quia sit consequuntur vel omnis. Quibusdam ut dolorum voluptatem repellendus temporibus eaque qui voluptas.', 466, 7, 20, '2019-04-22 19:26:15', '2019-04-22 19:26:15'),
(34, 'sit', 'Quasi iure pariatur voluptatum aliquid autem ut pariatur. Fugit ut voluptatem quod porro consequatur numquam facilis voluptas. Vel placeat magni doloribus iure voluptates aliquid.', 934, 6, 17, '2019-04-22 19:26:15', '2019-04-22 19:26:15'),
(35, 'ea', 'Dolorem quia consequatur sit id nihil velit doloremque. Aut vel doloremque molestiae ad. Eos nulla quia repellat quam.', 475, 3, 21, '2019-04-22 19:26:15', '2019-04-22 19:26:15'),
(36, 'sint', 'Sequi rem dolorum sunt. Voluptatem dolore laudantium aut officiis voluptatem. Molestiae perferendis enim molestiae nobis. Aut deserunt rem non ut amet.', 378, 3, 8, '2019-04-22 19:26:15', '2019-04-22 19:26:15'),
(37, 'autem', 'Aliquid maxime provident eaque. Quae ut earum illum et praesentium commodi. Fuga molestiae veniam omnis laborum fugit facere error.', 111, 8, 22, '2019-04-22 19:26:15', '2019-04-22 19:26:15'),
(38, 'expedita', 'Totam id incidunt magni placeat distinctio fugiat enim. Quo saepe qui exercitationem qui odio libero tempore.', 384, 3, 22, '2019-04-22 19:26:15', '2019-04-22 19:26:15'),
(39, 'eum', 'Ea a nemo vel fuga quis. Veritatis laboriosam alias cum consequatur vitae corporis. Aut earum est iusto dolor a.', 248, 7, 30, '2019-04-22 19:26:15', '2019-04-22 19:26:15'),
(40, 'deleniti', 'Vel minus rerum veniam enim id atque. Eligendi rerum perspiciatis labore culpa hic. Mollitia expedita accusantium sit dolores vitae.', 456, 4, 19, '2019-04-22 19:26:15', '2019-04-22 19:26:15'),
(41, 'molestias', 'Qui incidunt quis laborum et eius. Cupiditate vel nisi repudiandae nulla temporibus molestiae. Aliquam ullam vitae dicta non.', 745, 6, 3, '2019-04-22 19:26:15', '2019-04-22 19:26:15'),
(42, 'dolor', 'Iste distinctio ut odio sed quia nostrum. Possimus laboriosam non et ut magnam est necessitatibus ipsam. Fugiat provident non ut recusandae rerum aut ut. Nobis quo sequi fuga consequatur voluptatibus porro.', 269, 2, 2, '2019-04-22 19:26:15', '2019-04-22 19:26:15'),
(43, 'numquam', 'Ipsam dolorem voluptatum at nisi occaecati voluptatem sed molestiae. Velit dolorem tenetur incidunt qui maiores magnam quasi fugit. Minima non quia mollitia quasi.', 600, 8, 2, '2019-04-22 19:26:15', '2019-04-22 19:26:15'),
(44, 'voluptas', 'Et ipsa at quisquam rerum consequuntur cumque. Sunt dolores optio porro. Possimus deleniti deleniti delectus debitis perspiciatis alias.', 886, 9, 12, '2019-04-22 19:26:15', '2019-04-22 19:26:15'),
(45, 'commodi', 'Reprehenderit consequatur doloremque cupiditate quia atque. Qui voluptas sit nulla quia sunt reprehenderit omnis qui.', 261, 5, 22, '2019-04-22 19:26:15', '2019-04-22 19:26:15'),
(46, 'et', 'Et soluta ullam molestiae ut molestiae id sunt. Ut nostrum consequuntur corrupti fugiat sunt. Quia incidunt cum voluptatibus eius dignissimos accusantium error. Ducimus dolores sint veritatis. Sunt sint et et iste dolores.', 208, 4, 2, '2019-04-22 19:26:15', '2019-04-22 19:26:15'),
(47, 'enim', 'Dicta eaque consequuntur enim saepe nisi id asperiores atque. Exercitationem expedita ea sed repudiandae impedit itaque ab. Animi tenetur doloribus voluptas molestias. Deserunt dolorem eligendi eligendi cupiditate voluptatem.', 986, 7, 19, '2019-04-22 19:26:15', '2019-04-22 19:26:15'),
(48, 'eos', 'Quo aliquam molestiae totam. Debitis facilis deleniti amet in quis. Et quis maxime sint officiis at ut voluptatem.', 100, 4, 8, '2019-04-22 19:26:15', '2019-04-22 19:26:15'),
(49, 'rerum', 'Laborum amet beatae ut nisi eligendi ratione. Corporis recusandae odit dignissimos animi esse non. Tempora est rerum odit sit debitis. Consequatur quia eum ullam cum eum.', 486, 6, 9, '2019-04-22 19:26:15', '2019-04-22 19:26:15'),
(50, 'assumenda', 'Rerum et culpa dolor adipisci optio aut ut quis. Et cum eaque ipsa non officia veritatis repellendus. Animi occaecati ut aliquam odit.', 210, 0, 9, '2019-04-22 19:26:15', '2019-04-22 19:26:15');

-- --------------------------------------------------------

--
-- Table structure for table `reviews`
--

CREATE TABLE `reviews` (
  `id` int(10) UNSIGNED NOT NULL,
  `product_id` int(10) UNSIGNED NOT NULL,
  `customer` varchar(255) COLLATE utf8mb4_unicode_ci NOT NULL,
  `text` text COLLATE utf8mb4_unicode_ci NOT NULL,
  `star` int(11) NOT NULL,
  `created_at` timestamp NULL DEFAULT NULL,
  `updated_at` timestamp NULL DEFAULT NULL
) ENGINE=InnoDB DEFAULT CHARSET=utf8mb4 COLLATE=utf8mb4_unicode_ci;

--
-- Dumping data for table `reviews`
--

INSERT INTO `reviews` (`id`, `product_id`, `customer`, `text`, `star`, `created_at`, `updated_at`) VALUES
(1, 36, 'Albina Conn', 'Qui excepturi quod optio aspernatur recusandae aperiam consequatur a. Atque magni voluptatem praesentium excepturi. Aperiam ipsa numquam voluptatem pariatur veritatis. Quasi nihil incidunt eligendi facere.', 4, '2019-04-22 19:26:15', '2019-04-22 19:26:15'),
(2, 29, 'Carmelo Hansen PhD', 'Sit voluptas delectus dolor iste aliquid aut dolore. Molestiae quasi in dolor veniam nulla earum totam. Qui aut reiciendis quae omnis.', 3, '2019-04-22 19:26:15', '2019-04-22 19:26:15'),
(3, 15, 'Stevie Stroman', 'Impedit ipsum provident deserunt qui qui eveniet. Est quos et dolores nesciunt sit. Consequatur cupiditate laboriosam corporis quia doloremque. Dolores quibusdam modi et optio.', 2, '2019-04-22 19:26:15', '2019-04-22 19:26:15'),
(4, 31, 'Ms. Lisette Bayer Sr.', 'Quo odio asperiores blanditiis. Pariatur suscipit voluptatem placeat laboriosam rerum et quae. Enim velit enim ducimus commodi.', 2, '2019-04-22 19:26:15', '2019-04-22 19:26:15'),
(5, 48, 'Mr. Samir Runte III', 'Natus in dolore hic quia et. Omnis earum velit eligendi. Consequatur molestiae qui odio quod et.', 2, '2019-04-22 19:26:15', '2019-04-22 19:26:15'),
(6, 20, 'Marvin Ward MD', 'Explicabo architecto culpa adipisci. Non expedita omnis dolore. Sunt voluptas et occaecati animi pariatur. Eum repellendus deleniti accusantium expedita molestiae. Recusandae id cum accusamus id reiciendis.', 5, '2019-04-22 19:26:15', '2019-04-22 19:26:15'),
(7, 32, 'Blair Swift MD', 'Et porro nulla numquam quos a provident voluptas. Vero voluptatem et et in et ipsum.', 2, '2019-04-22 19:26:15', '2019-04-22 19:26:15'),
(8, 18, 'Franz McGlynn', 'Est pariatur voluptatum ut doloribus hic. Consequatur est qui est saepe.', 4, '2019-04-22 19:26:15', '2019-04-22 19:26:15'),
(9, 30, 'Margie Grant III', 'Velit quae numquam eum eligendi. Quia natus doloribus voluptate laudantium ut aut ut illo. Laborum ratione voluptatibus mollitia ipsum molestias mollitia expedita.', 3, '2019-04-22 19:26:15', '2019-04-22 19:26:15'),
(10, 23, 'Jeromy Christiansen', 'Voluptate et fugiat assumenda velit nihil. Dicta accusamus impedit eum eos et quidem quae. Commodi eos nesciunt perferendis minus quasi fuga. Et soluta culpa beatae quisquam adipisci minima.', 4, '2019-04-22 19:26:15', '2019-04-22 19:26:15'),
(11, 45, 'Mr. Derick Franecki Sr.', 'Natus architecto sed sunt voluptate quisquam autem. Rerum voluptatem porro dignissimos hic facilis velit at ut. Id nihil delectus sed nemo. Qui est reprehenderit at omnis et nemo nobis.', 5, '2019-04-22 19:26:15', '2019-04-22 19:26:15'),
(12, 40, 'Lupe Veum PhD', 'Magni sapiente voluptatem et quia. Repellendus velit corporis vel enim. Porro debitis qui nemo reprehenderit rerum enim quam. Nam non fugiat maxime facilis.', 5, '2019-04-22 19:26:15', '2019-04-22 19:26:15'),
(13, 48, 'Gerson Pagac', 'Et ullam alias qui ea. Incidunt reprehenderit neque sed consequatur voluptate. Velit aut illo nihil molestias at recusandae qui.', 3, '2019-04-22 19:26:15', '2019-04-22 19:26:15'),
(14, 45, 'Lera Mitchell', 'Nobis qui eius et aspernatur. Nesciunt id rem similique. Vero natus in sed eum et.', 4, '2019-04-22 19:26:15', '2019-04-22 19:26:15'),
(15, 50, 'Maurine Hayes', 'Eaque cum quam quis. Officia ipsum fugit dolores minima consequatur. Blanditiis facere neque perspiciatis quos.', 4, '2019-04-22 19:26:15', '2019-04-22 19:26:15'),
(16, 8, 'Mr. Elliott Hand IV', 'Totam asperiores veritatis qui dolore similique soluta. Quia rerum non fugit a non et laborum. Quisquam odio accusantium dolor quo dolorem.', 1, '2019-04-22 19:26:15', '2019-04-22 19:26:15'),
(17, 23, 'Deondre Reichel', 'Nobis asperiores perspiciatis soluta et facilis est. Consequatur a similique voluptas deserunt. Cum et asperiores harum quo est.', 4, '2019-04-22 19:26:15', '2019-04-22 19:26:15'),
(18, 8, 'Carey Jacobi', 'Qui sit temporibus aliquid in minima. Quis eligendi ratione reprehenderit est et doloribus sapiente. Et adipisci dignissimos ipsam accusantium similique. Quod sunt quasi atque.', 4, '2019-04-22 19:26:15', '2019-04-22 19:26:15'),
(19, 37, 'Estrella Reichert', 'Et error ut aut. Impedit omnis ea sunt voluptatibus similique ut et vel. Accusantium alias neque magnam et commodi necessitatibus.', 1, '2019-04-22 19:26:15', '2019-04-22 19:26:15'),
(20, 20, 'Anthony Bailey', 'Vitae corporis nihil modi dolor incidunt aut ut. Ex dignissimos aut quaerat molestiae cum. Cum similique a soluta voluptatibus facere. Neque dolor quis voluptates et porro voluptatem.', 5, '2019-04-22 19:26:15', '2019-04-22 19:26:15'),
(21, 43, 'Fritz Frami', 'Illum nesciunt autem qui itaque. Id omnis cum quia ullam cum. Placeat aut beatae nesciunt aliquid velit. Facere vitae ut totam.', 5, '2019-04-22 19:26:15', '2019-04-22 19:26:15'),
(22, 32, 'Kristopher Schultz', 'Quia velit deserunt asperiores inventore similique est ut. Ea voluptatem dolor unde.', 5, '2019-04-22 19:26:15', '2019-04-22 19:26:15'),
(23, 28, 'Ova Cremin', 'Modi mollitia autem vel consequatur voluptate. Ut adipisci qui corporis aut enim. Dolore et nesciunt corrupti impedit.', 3, '2019-04-22 19:26:15', '2019-04-22 19:26:15'),
(24, 16, 'Athena Stehr', 'Excepturi cum voluptate aut unde cum. Totam sed doloribus voluptatem possimus vel deleniti. Corrupti deleniti reprehenderit in beatae. Nihil deleniti voluptas officiis sit unde deleniti officiis.', 4, '2019-04-22 19:26:15', '2019-04-22 19:26:15'),
(25, 19, 'Elouise Stracke', 'Non praesentium ea porro nemo qui velit. Id ab pariatur accusantium vitae sit vel. Et praesentium nihil qui et modi. Molestiae aliquam ipsa aperiam et libero et nihil.', 4, '2019-04-22 19:26:15', '2019-04-22 19:26:15'),
(26, 4, 'Danielle Hermann', 'Voluptas quo consectetur qui totam eos dolorem. Provident perferendis illum ullam ipsam. Maxime commodi ut ex dolor ipsum. Labore nam asperiores non expedita aut voluptates.', 4, '2019-04-22 19:26:15', '2019-04-22 19:26:15'),
(27, 30, 'Lindsay Hermiston', 'Quia rerum et expedita dolores. Aliquid molestias rerum ducimus nihil possimus non occaecati. Id iure voluptates voluptates suscipit autem vel. Inventore autem qui qui quam et ut similique molestiae.', 1, '2019-04-22 19:26:15', '2019-04-22 19:26:15'),
(28, 31, 'Annalise Aufderhar DVM', 'Aliquam necessitatibus iste voluptas ut pariatur. Fugiat iure quis blanditiis totam odio.', 2, '2019-04-22 19:26:15', '2019-04-22 19:26:15'),
(29, 22, 'Heaven Beahan', 'Mollitia animi vitae ullam a. Hic similique veritatis earum ut quo quaerat. Non et accusamus quia nihil at sequi voluptatem. Nostrum quod voluptatem expedita quisquam.', 2, '2019-04-22 19:26:15', '2019-04-22 19:26:15'),
(30, 29, 'Elmira Beahan', 'Eum est alias perferendis consequatur dolores dolorem. Aliquid enim placeat beatae est molestiae accusantium aperiam. Qui molestias enim dolores perspiciatis esse voluptatem. Et ut soluta et odit. Fugiat illo itaque vitae.', 1, '2019-04-22 19:26:15', '2019-04-22 19:26:15'),
(31, 15, 'Roberto McClure', 'Maiores pariatur et dolore a nobis. Sed ut voluptatem assumenda minima consequatur tempora nisi. Qui enim error dignissimos rem doloremque voluptas.', 1, '2019-04-22 19:26:15', '2019-04-22 19:26:15'),
(32, 25, 'Kyler Gaylord', 'Vitae at est repellendus exercitationem at. Illo consequatur totam quaerat molestias quidem ipsa sit. Velit dolor fuga aliquam odit corporis iste praesentium. Natus nulla sit reprehenderit libero odio ratione illo.', 2, '2019-04-22 19:26:15', '2019-04-22 19:26:15'),
(33, 26, 'Prof. Loy Schoen I', 'Ipsam molestiae laudantium saepe quibusdam hic doloremque. Aut non quam necessitatibus. Soluta numquam nihil quis sunt vitae necessitatibus.', 1, '2019-04-22 19:26:15', '2019-04-22 19:26:15'),
(34, 22, 'Marie Reilly', 'Qui et voluptatum assumenda consequuntur dolorum fugiat. Ipsum eum dolor quibusdam animi consectetur et. Autem officia sequi rerum excepturi tempora rem.', 4, '2019-04-22 19:26:15', '2019-04-22 19:26:15'),
(35, 7, 'Dr. Fredrick Doyle', 'Rerum omnis sed ex ipsam. Officia quia dolore officia repellendus iure asperiores aut. Voluptas eos dolorem ipsam ea. Quasi velit facere facere deserunt maiores eius aut. Voluptatum velit iste in ut facere a omnis quis.', 5, '2019-04-22 19:26:15', '2019-04-22 19:26:15'),
(36, 20, 'Prof. Audrey Bauch III', 'Voluptates aperiam minima autem labore esse labore sit. Hic facere amet repellendus illum perferendis. Ullam beatae et rem sed. Unde asperiores odit repellat.', 2, '2019-04-22 19:26:15', '2019-04-22 19:26:15'),
(37, 32, 'Edwardo Osinski I', 'Fugiat et quo corporis quis earum ad voluptatem. Est id numquam ut expedita. Non inventore reprehenderit amet voluptates.', 1, '2019-04-22 19:26:15', '2019-04-22 19:26:15'),
(38, 17, 'Mariana Morissette', 'Quisquam numquam excepturi corrupti error excepturi voluptates. Et vero illum sit voluptatem pariatur omnis rerum et.', 2, '2019-04-22 19:26:15', '2019-04-22 19:26:15'),
(39, 25, 'Jerad O\'Keefe', 'Tempore ratione non dicta aut. Commodi est nihil sit iure dolores ut tempora saepe. Porro ad autem earum sint inventore omnis totam.', 1, '2019-04-22 19:26:15', '2019-04-22 19:26:15'),
(40, 15, 'Mr. Ronaldo Lubowitz', 'Error reprehenderit ut earum ipsum non quidem cupiditate. Nemo minus vel est et delectus velit. Sapiente deleniti sit illo non.', 4, '2019-04-22 19:26:15', '2019-04-22 19:26:15'),
(41, 24, 'Mariana Parisian', 'Adipisci et veritatis dolor. Sint rerum aperiam id quam. Neque nam exercitationem cum alias ut dolorem velit.', 1, '2019-04-22 19:26:15', '2019-04-22 19:26:15'),
(42, 19, 'Deondre Leuschke', 'Vero et modi voluptate at atque rerum veniam. Totam eum odit ea dicta. Omnis qui dolores libero nostrum facilis repellat repellat. Sunt harum in aliquam enim. Et et incidunt asperiores ipsum.', 1, '2019-04-22 19:26:15', '2019-04-22 19:26:15'),
(43, 34, 'Dr. Ward Weimann', 'Consequatur voluptatum culpa nostrum voluptatum enim impedit. Ut esse iste laudantium est. Ea pariatur alias quae assumenda officiis quaerat.', 1, '2019-04-22 19:26:15', '2019-04-22 19:26:15'),
(44, 15, 'Ruth Simonis', 'Impedit sint error quam. Sunt unde aut iure qui. Id eius explicabo a et. Sed modi tempore hic dolorum.', 1, '2019-04-22 19:26:15', '2019-04-22 19:26:15'),
(45, 22, 'Madyson Konopelski', 'Labore quibusdam sint sit dolores et nulla repellat. Dolores saepe voluptate omnis sit. Sequi voluptatem in ut suscipit.', 4, '2019-04-22 19:26:15', '2019-04-22 19:26:15'),
(46, 50, 'Kailee Rempel I', 'Velit debitis quaerat aliquid illum voluptas earum. Qui dolor aut ut non optio. Nemo voluptas voluptatem dolor quam aut quibusdam.', 4, '2019-04-22 19:26:15', '2019-04-22 19:26:15'),
(47, 30, 'Fidel Murray', 'Est nemo at omnis voluptatibus est libero. Mollitia maiores quidem porro vel. Qui amet quo totam recusandae quaerat voluptas ut quia.', 3, '2019-04-22 19:26:15', '2019-04-22 19:26:15'),
(48, 12, 'Prof. Leopoldo Harber Jr.', 'Ea voluptatem voluptatem in ad omnis eos dolorem. Voluptas temporibus numquam soluta nam cumque.', 3, '2019-04-22 19:26:15', '2019-04-22 19:26:15'),
(49, 28, 'Miss Lavina Gislason IV', 'Iste tenetur repellat molestiae nam iusto temporibus ea sed. Commodi consequatur sit voluptas quo velit. Excepturi ut dolorum omnis expedita voluptatem voluptas.', 1, '2019-04-22 19:26:15', '2019-04-22 19:26:15'),
(50, 31, 'Willa Heaney', 'Tempora et dicta velit cum at ullam aperiam. Nulla consequuntur saepe dolor. Aliquid iste laboriosam earum fuga vel. Possimus voluptatem itaque cum.', 4, '2019-04-22 19:26:15', '2019-04-22 19:26:15'),
(51, 43, 'Prof. Horace Reilly IV', 'Assumenda et facilis necessitatibus totam est ut doloribus. Quia quo voluptatem quo eos ad beatae. Beatae et sequi quaerat delectus est.', 5, '2019-04-22 19:26:15', '2019-04-22 19:26:15'),
(52, 11, 'Mr. Llewellyn Little V', 'Ut voluptatibus et nemo tenetur excepturi ut labore. Beatae illo maxime omnis ut maxime doloribus. Dolores a iure natus voluptatem impedit quasi quis explicabo. Aut est molestiae repellendus maiores eaque ut.', 2, '2019-04-22 19:26:15', '2019-04-22 19:26:15'),
(53, 50, 'Adam Gleason', 'Voluptas velit et culpa sed. Qui ut eum ratione quis aut. Nihil tempore qui temporibus possimus laboriosam vitae necessitatibus.', 2, '2019-04-22 19:26:15', '2019-04-22 19:26:15'),
(54, 46, 'Claudia Howell', 'Omnis aliquid consectetur aut animi voluptatum. Molestiae laborum ipsam at dolores eveniet. Sequi asperiores est facilis fugit minus nostrum.', 2, '2019-04-22 19:26:15', '2019-04-22 19:26:15'),
(55, 44, 'Anne Huel', 'Est est qui facere sit repellendus. Est corrupti ullam enim provident alias accusamus dignissimos nemo. Maiores accusantium recusandae quasi numquam. Quisquam illo ut temporibus et fugit fugit.', 5, '2019-04-22 19:26:15', '2019-04-22 19:26:15'),
(56, 43, 'Autumn Gleason', 'Voluptates similique est rerum cupiditate veniam. Ipsam ut sunt facilis a illum. Est sapiente consequatur consequatur esse dolores voluptatibus. Libero ipsam perferendis distinctio quos. Voluptas hic illum temporibus dicta.', 5, '2019-04-22 19:26:15', '2019-04-22 19:26:15'),
(57, 38, 'Miss Rubie Rodriguez', 'Quo qui rerum laboriosam tempora in qui. Et impedit enim aut id odit eius consectetur. Similique ex et doloremque nihil quisquam voluptatem.', 1, '2019-04-22 19:26:15', '2019-04-22 19:26:15'),
(58, 24, 'Orie Simonis', 'Error debitis magnam dolorum consequatur quia temporibus ut officiis. Vero eligendi accusamus et sunt natus dolores. Et cupiditate vel accusamus consequatur tempore nemo. Pariatur accusantium velit vel quibusdam.', 4, '2019-04-22 19:26:15', '2019-04-22 19:26:15'),
(59, 23, 'Edwin Reichel', 'Est sequi molestiae reiciendis cumque. Laboriosam earum vel numquam qui voluptates. Aliquid qui eos officia nulla aliquam.', 2, '2019-04-22 19:26:15', '2019-04-22 19:26:15'),
(60, 2, 'Dante Kerluke Sr.', 'Qui sint sed accusamus labore quod odio. Delectus praesentium ex vel ex qui consequuntur nobis. Est quia et pariatur voluptatem molestiae cumque. Qui dolore impedit laboriosam maxime.', 2, '2019-04-22 19:26:15', '2019-04-22 19:26:15'),
(61, 22, 'Vida Wyman', 'Ut error dignissimos corporis sequi quisquam. Eos et dolorem repudiandae odio consequatur assumenda. Quis nobis qui tempore totam rem optio vitae. Harum vel sed occaecati cupiditate.', 2, '2019-04-22 19:26:15', '2019-04-22 19:26:15'),
(62, 36, 'Alberta Schroeder', 'Iure dolores voluptatem rerum fugiat laudantium porro modi velit. Quod inventore facere dolor et exercitationem illo dolore. Rerum quam consequatur quod. Deserunt corrupti ex quo neque nam nulla ut.', 4, '2019-04-22 19:26:15', '2019-04-22 19:26:15'),
(63, 4, 'Theresa Nienow', 'Cum expedita ut vel. Suscipit numquam autem vitae minima eos nihil explicabo. Doloribus et necessitatibus aut modi quis. Eaque non ad laboriosam quos. Eum assumenda nulla voluptas voluptas recusandae.', 5, '2019-04-22 19:26:15', '2019-04-22 19:26:15'),
(64, 31, 'Ali Bernier', 'Id perferendis distinctio quia ut repellendus. Placeat necessitatibus deleniti aperiam at id. Aliquid voluptas fuga modi ex incidunt reprehenderit incidunt.', 2, '2019-04-22 19:26:15', '2019-04-22 19:26:15'),
(65, 46, 'Delilah Wuckert', 'Perferendis reprehenderit vel et non et et et. Voluptates ullam voluptatem optio inventore aliquid cum velit.', 1, '2019-04-22 19:26:15', '2019-04-22 19:26:15'),
(66, 18, 'Avery Heller', 'Maiores porro voluptatem et nesciunt commodi corrupti. Minus quae consequatur expedita quibusdam.', 4, '2019-04-22 19:26:15', '2019-04-22 19:26:15'),
(67, 25, 'Ms. Pearline Will', 'Inventore modi consequatur et expedita et ut ea. Culpa tenetur dolores omnis voluptatibus omnis quibusdam et. Reprehenderit quisquam tempora quae error sit tempora assumenda velit.', 2, '2019-04-22 19:26:15', '2019-04-22 19:26:15'),
(68, 30, 'Dr. Myron Quigley', 'Libero et temporibus distinctio tempore tenetur reprehenderit. Voluptate quis suscipit enim officia illo id. Harum quidem nihil quaerat nemo totam quaerat minus.', 4, '2019-04-22 19:26:15', '2019-04-22 19:26:15'),
(69, 30, 'Renee Pagac', 'Quia non esse reprehenderit id ea velit. Porro consectetur ut sed id aut ratione libero quo. Sint nam sit similique esse. Dignissimos et eveniet ratione vero.', 2, '2019-04-22 19:26:15', '2019-04-22 19:26:15'),
(70, 22, 'Oliver Brakus', 'Facere est suscipit tenetur impedit. Veniam tempore veritatis aut eligendi nemo saepe. Dolor libero porro exercitationem. In modi beatae dolor pariatur. Est nisi quia at velit.', 4, '2019-04-22 19:26:15', '2019-04-22 19:26:15'),
(71, 37, 'Haylee Harris', 'Voluptatem veniam sint cupiditate modi. Beatae accusamus non enim. Non tenetur qui libero est molestiae amet.', 1, '2019-04-22 19:26:15', '2019-04-22 19:26:15'),
(72, 39, 'Jorge Barrows', 'Sapiente odio et ex necessitatibus et labore optio. Sunt qui libero officiis doloremque. Voluptatem quod maiores repellat eligendi aut velit.', 4, '2019-04-22 19:26:15', '2019-04-22 19:26:15'),
(73, 39, 'Prof. Antwan Hirthe', 'Commodi saepe omnis illum. Corporis veniam dolores nobis. Impedit dolore sint est tenetur beatae quia velit.', 2, '2019-04-22 19:26:15', '2019-04-22 19:26:15'),
(74, 30, 'Dr. Alphonso Mann DVM', 'Voluptas et nihil quos sed eos. Delectus placeat nemo voluptas beatae. Officiis dolorem laborum repellat facilis veritatis. Accusantium aliquam ut quae. Nulla odit repellat voluptas molestiae commodi deleniti deleniti inventore.', 2, '2019-04-22 19:26:15', '2019-04-22 19:26:15'),
(75, 22, 'Michel Treutel', 'Laudantium maiores atque architecto quis nostrum. Animi iste vitae voluptatum accusamus. Corrupti corrupti soluta quos ut.', 5, '2019-04-22 19:26:15', '2019-04-22 19:26:15'),
(76, 47, 'Emmie Waters', 'Tempora architecto et debitis. Corporis quo odit sequi consectetur id a atque doloribus. Distinctio harum ut necessitatibus et velit sunt aspernatur. Consequuntur omnis consequatur molestiae pariatur maiores. Error molestiae voluptatem et cumque in quidem reiciendis.', 5, '2019-04-22 19:26:15', '2019-04-22 19:26:15'),
(77, 49, 'Mr. Tanner Muller', 'Deleniti esse velit minus saepe eos est. Perspiciatis consequatur sint recusandae possimus dolore ducimus quaerat aut. Eos omnis voluptas quae et vel repellat esse. Voluptas blanditiis et unde voluptas magnam eos. Saepe voluptatem architecto rerum nostrum omnis maxime rerum quasi.', 1, '2019-04-22 19:26:15', '2019-04-22 19:26:15'),
(78, 4, 'Kiarra Haag', 'Officiis vitae sunt eaque distinctio exercitationem totam. Nostrum debitis qui rem fugit esse. Quibusdam odio saepe dolorem numquam saepe. Quia ullam nesciunt qui cupiditate quo neque id. Illo consequatur reiciendis autem velit sed voluptas voluptates.', 2, '2019-04-22 19:26:15', '2019-04-22 19:26:15'),
(79, 17, 'Paris Von', 'Velit distinctio sint atque. Fuga eum id aperiam. Aliquid sequi officia incidunt est. Consequatur odit velit vel omnis quod ad rem.', 4, '2019-04-22 19:26:15', '2019-04-22 19:26:15'),
(80, 22, 'Elisa Halvorson', 'Vel suscipit beatae et omnis. Nihil molestias rerum doloremque quam. Sint vitae atque minus sit dolor. Itaque occaecati consequatur voluptatem nulla ratione reprehenderit eum perspiciatis.', 4, '2019-04-22 19:26:15', '2019-04-22 19:26:15'),
(81, 48, 'Mr. Everardo Murray MD', 'Vitae in expedita ut velit nihil impedit itaque. Voluptas nostrum placeat autem ab sit autem aut. Est quasi et non.', 5, '2019-04-22 19:26:15', '2019-04-22 19:26:15'),
(82, 20, 'Miss Paige Tillman', 'Laudantium tempora necessitatibus architecto fugit sed officiis voluptatibus. In repudiandae ex iste quod pariatur molestiae omnis qui. Unde dolores dolorem sunt ut.', 1, '2019-04-22 19:26:15', '2019-04-22 19:26:15'),
(83, 40, 'Joana Gaylord', 'Similique magnam dolorum aliquam dignissimos corrupti nulla dolorum. Hic quos qui iure doloremque necessitatibus aut. Ut voluptas consequatur dolorem sint dicta voluptas sed. Amet et nobis ducimus pariatur architecto qui.', 3, '2019-04-22 19:26:15', '2019-04-22 19:26:15'),
(84, 30, 'Zack Fritsch', 'Enim excepturi voluptates autem quaerat. Dolorem non quas ab nisi enim velit deleniti. Aut ut facilis expedita minus temporibus. Accusantium impedit corporis quasi quia pariatur.', 4, '2019-04-22 19:26:15', '2019-04-22 19:26:15'),
(85, 38, 'Prof. William Rosenbaum', 'Nihil molestiae dolores et sequi et voluptatem vel soluta. Provident omnis debitis ipsam recusandae sed. Dolor eveniet est nulla eius voluptate minus. Est eos fuga rerum.', 5, '2019-04-22 19:26:15', '2019-04-22 19:26:15'),
(86, 31, 'Dr. Mabel Nikolaus', 'Eveniet rerum et qui saepe iste qui impedit omnis. Voluptates qui quia ut illum dolor non. Minima qui odio a voluptatem.', 1, '2019-04-22 19:26:15', '2019-04-22 19:26:15'),
(87, 6, 'Miss Rhoda Buckridge Jr.', 'Ut veritatis et unde et delectus. Velit quis sed et laboriosam dolores dolorum velit. Non ducimus est veritatis non voluptas voluptas repudiandae. Natus error sed temporibus eveniet eius.', 2, '2019-04-22 19:26:15', '2019-04-22 19:26:15'),
(88, 44, 'Carmel Hoppe', 'Et aut mollitia doloribus id. Quisquam porro dolores dolor. Tempore dolorem accusantium et dicta est occaecati architecto qui. Harum consequatur modi aliquid est odit consequatur.', 3, '2019-04-22 19:26:15', '2019-04-22 19:26:15'),
(89, 44, 'Prof. Nils Fahey', 'Qui laudantium id consequatur autem. Nam nemo ducimus at tempore velit ipsam. Quia ipsam fugiat at consequatur voluptatem itaque corrupti.', 5, '2019-04-22 19:26:15', '2019-04-22 19:26:15'),
(90, 6, 'Polly Thompson', 'Recusandae nobis ad asperiores occaecati dicta ut. Dolorum a sapiente ut iure dolores inventore sed. Eum exercitationem sequi sint soluta at.', 5, '2019-04-22 19:26:15', '2019-04-22 19:26:15'),
(91, 41, 'Arielle Dach', 'Error consectetur minus tempore numquam qui odit quidem. Perferendis non aut voluptatem enim consectetur reprehenderit aut.', 5, '2019-04-22 19:26:15', '2019-04-22 19:26:15'),
(92, 35, 'Tremaine Connelly', 'Quam quia in non sint. Sed sed minima saepe aliquam nostrum voluptas autem. Est et necessitatibus beatae non illum. Ut cum repudiandae ipsam modi autem.', 1, '2019-04-22 19:26:15', '2019-04-22 19:26:15'),
(93, 10, 'Dr. Jaren Christiansen Jr.', 'Qui odio nulla sequi saepe. Reprehenderit voluptas corrupti blanditiis et porro. Non officia et in perferendis enim quod quaerat. Cupiditate laborum explicabo autem.', 1, '2019-04-22 19:26:15', '2019-04-22 19:26:15'),
(94, 9, 'Patsy Waters', 'Dolores suscipit accusantium aperiam in iure. Voluptatem quae aliquid fugit nisi repellendus reprehenderit magnam. Laborum est deserunt quisquam dolor. Sed repellendus enim sint autem.', 3, '2019-04-22 19:26:15', '2019-04-22 19:26:15'),
(95, 38, 'Aylin Beahan', 'Doloribus dolor illum id adipisci et quis quis minus. Qui earum laborum voluptas modi repellat nihil. Et voluptatem quod eligendi beatae rem nemo explicabo.', 3, '2019-04-22 19:26:15', '2019-04-22 19:26:15'),
(96, 8, 'Pearl Bernier', 'Est aliquid debitis enim odio quasi nostrum. Voluptas voluptate eaque est saepe quas. Cumque accusantium et exercitationem. Eum omnis facere aliquam.', 4, '2019-04-22 19:26:15', '2019-04-22 19:26:15'),
(97, 25, 'Schuyler Rempel', 'Aut temporibus voluptates aut minima sint. In dicta quo expedita natus aut et aut. Cum quod voluptas eaque qui sint. In sed amet provident eos nobis voluptates mollitia.', 2, '2019-04-22 19:26:15', '2019-04-22 19:26:15'),
(98, 3, 'Emely Rosenbaum', 'Aspernatur animi velit delectus maiores. Error eos sed placeat odio eos aut voluptatem minima. Aut repudiandae doloremque illo aut illo omnis. Sit dolor et modi fuga eveniet.', 5, '2019-04-22 19:26:15', '2019-04-22 19:26:15'),
(99, 18, 'Rosa Gleason', 'Doloremque cumque neque corrupti dolore praesentium fuga vel. Alias excepturi nulla blanditiis. Id delectus vero cupiditate aut consectetur.', 4, '2019-04-22 19:26:15', '2019-04-22 19:26:15'),
(100, 37, 'Prof. Jay Rodriguez I', 'Tenetur temporibus quis dolore ut veritatis unde ut. Enim facilis in quibusdam eveniet assumenda sint et. Et porro vitae deleniti suscipit. Inventore ea debitis in.', 5, '2019-04-22 19:26:15', '2019-04-22 19:26:15'),
(101, 30, 'Prof. Blanche Collins IV', 'Mollitia voluptatibus autem totam deleniti. Qui suscipit qui non tempora at perferendis. Est est modi molestias et aliquam.', 2, '2019-04-22 19:26:15', '2019-04-22 19:26:15'),
(102, 39, 'Dr. Joanie Hayes MD', 'Expedita a ipsum voluptates. Eum repellat eaque et ea ut voluptate. Rerum consequatur perferendis et eum consequuntur provident aut.', 3, '2019-04-22 19:26:15', '2019-04-22 19:26:15'),
(103, 5, 'Scarlett Tromp', 'Sit sunt quia nihil reprehenderit consequuntur non quisquam. Vitae molestiae veniam ut totam quo dolorem impedit impedit. Asperiores dicta rerum et quia dolores qui. Et sunt officiis odio consequatur molestiae iste et. Eveniet voluptas ut ea facere et vero.', 5, '2019-04-22 19:26:15', '2019-04-22 19:26:15'),
(104, 14, 'Prof. Boris Watsica DDS', 'Dolorem suscipit culpa reiciendis. Voluptatem quas quo consequatur est. Et itaque repudiandae quasi consequatur aliquid quibusdam expedita at. Aliquam in blanditiis culpa velit aut.', 2, '2019-04-22 19:26:15', '2019-04-22 19:26:15'),
(105, 5, 'Jordi Zboncak', 'Ipsum at quam cum. Quasi rerum consequuntur est officia tempora est. Aut vero commodi et dolorum nemo consequuntur.', 1, '2019-04-22 19:26:15', '2019-04-22 19:26:15'),
(106, 40, 'Dr. Berneice Hyatt I', 'Quis vero dolor sit ea eos. Quisquam vitae ut quia eveniet. Blanditiis temporibus et eos placeat sed deserunt accusantium. Optio ex sint magnam.', 3, '2019-04-22 19:26:15', '2019-04-22 19:26:15'),
(107, 27, 'Dameon Swaniawski IV', 'Architecto repellendus saepe hic perferendis doloribus qui culpa. Quasi architecto qui quas. Enim qui temporibus quod alias molestiae officia aut dolores. Doloremque earum velit ut.', 2, '2019-04-22 19:26:15', '2019-04-22 19:26:15'),
(108, 34, 'Mrs. Abagail Huel', 'Voluptatibus sed hic accusantium vero officia aspernatur voluptatum. Autem vel voluptas debitis iure delectus.', 2, '2019-04-22 19:26:15', '2019-04-22 19:26:15'),
(109, 6, 'Dr. Lina Macejkovic Sr.', 'Veritatis ipsum quia architecto similique est. Quis ut cum sed est possimus ut consectetur. Alias blanditiis ut illum provident voluptates dignissimos dolor. Ut omnis aut ad odit odit minus.', 5, '2019-04-22 19:26:15', '2019-04-22 19:26:15'),
(110, 40, 'Marcellus Kertzmann', 'Consequuntur sequi ut nostrum ipsum dolor. Omnis voluptatem architecto qui repellendus suscipit alias consequuntur.', 1, '2019-04-22 19:26:15', '2019-04-22 19:26:15'),
(111, 15, 'Albert O\'Conner', 'Rerum doloremque temporibus voluptatem totam sit veniam eum. Aut reiciendis error possimus libero non quia rerum. Ullam corrupti libero dolorem quisquam. Quo esse vero veritatis recusandae eum voluptas. Veritatis voluptatem eveniet facilis.', 1, '2019-04-22 19:26:15', '2019-04-22 19:26:15'),
(112, 21, 'Bethany Dickens', 'Sapiente non quia ducimus sed et unde. Odit non delectus qui sit. Accusamus numquam nulla architecto.', 4, '2019-04-22 19:26:15', '2019-04-22 19:26:15'),
(113, 42, 'Prof. Mireya Heaney', 'Sed dicta velit fugiat omnis. Ab hic sed at. Dolor consequatur autem mollitia accusamus voluptas dicta mollitia odit.', 2, '2019-04-22 19:26:15', '2019-04-22 19:26:15'),
(114, 18, 'Wilton Willms', 'Dolorum aut repellat in ullam. Ut eos distinctio cumque rem dolores. Aut consequatur minus quidem maxime ut amet.', 5, '2019-04-22 19:26:15', '2019-04-22 19:26:15'),
(115, 41, 'Kyra Braun II', 'Nobis voluptas sapiente consequatur suscipit sunt qui reprehenderit earum. Occaecati adipisci excepturi ducimus commodi distinctio. Accusamus odio provident consequatur rerum cupiditate.', 1, '2019-04-22 19:26:15', '2019-04-22 19:26:15'),
(116, 12, 'D\'angelo McClure', 'Vero exercitationem odio sed quas molestias nisi veniam. Adipisci mollitia voluptatem nisi illo. Cum non iste et totam occaecati.', 5, '2019-04-22 19:26:15', '2019-04-22 19:26:15'),
(117, 16, 'Therese Reilly I', 'Nobis fuga aut atque exercitationem veniam. Laudantium deserunt corporis dolor. Modi qui deserunt aut tenetur. Laboriosam et dolores eligendi tenetur aut.', 5, '2019-04-22 19:26:15', '2019-04-22 19:26:15'),
(118, 3, 'Bettye Frami', 'Molestiae maxime neque est ut eaque et voluptas ut. Dolores dolores dolor in repellat.', 1, '2019-04-22 19:26:15', '2019-04-22 19:26:15'),
(119, 48, 'Dr. Leonardo Beatty V', 'Quia numquam voluptatibus voluptatum voluptas a. Itaque neque omnis minima officiis inventore non. Ducimus rerum dignissimos dolorem corporis sit autem voluptatem et.', 1, '2019-04-22 19:26:15', '2019-04-22 19:26:15'),
(120, 24, 'Magnolia Harvey', 'Iusto quaerat quo dolorem aliquam est. Sed ut et accusantium magni sint illum. Rerum repudiandae dolore laboriosam. Tenetur nulla dolorum doloribus excepturi enim modi. Praesentium magni alias dolores laudantium.', 1, '2019-04-22 19:26:15', '2019-04-22 19:26:15'),
(121, 1, 'Micaela Rohan', 'Laudantium ut laboriosam non qui quibusdam eos id. Accusamus sequi tenetur qui porro explicabo mollitia. Commodi nesciunt odit dicta ex fugit laboriosam.', 3, '2019-04-22 19:26:15', '2019-04-22 19:26:15'),
(122, 11, 'Otho Ferry', 'Voluptatem id ea ipsa facilis sint sit et. Hic qui qui eius ducimus deserunt quidem autem. Optio quia blanditiis rem libero reiciendis. Neque soluta et cupiditate similique reprehenderit molestiae ipsa.', 3, '2019-04-22 19:26:15', '2019-04-22 19:26:15'),
(123, 45, 'Ms. Dayna Roob', 'Nesciunt facere rerum distinctio. Excepturi reiciendis voluptate aut consectetur deleniti. Magni sed consequuntur ut dolor unde nihil quasi.', 4, '2019-04-22 19:26:15', '2019-04-22 19:26:15'),
(124, 4, 'Evelyn Haley', 'Hic qui fugit illum corrupti dolores consequatur. Minima modi iusto laboriosam tempore reprehenderit. Iusto omnis consectetur laborum consequatur. Quo voluptatem sequi praesentium esse qui iure sit quae.', 5, '2019-04-22 19:26:15', '2019-04-22 19:26:15'),
(125, 41, 'Liam Dickinson', 'Sint illo dolorum voluptas autem quia minus odit. Et optio qui porro et aperiam quia sapiente. Quod expedita est repellendus nisi. Corporis consectetur et harum ab consequatur.', 5, '2019-04-22 19:26:15', '2019-04-22 19:26:15'),
(126, 46, 'Cale Conroy', 'Eos necessitatibus temporibus quos omnis distinctio quia veniam. Officiis quis ut omnis sunt. Commodi ut ea et. A voluptatem sunt repudiandae dolorem quidem.', 5, '2019-04-22 19:26:15', '2019-04-22 19:26:15'),
(127, 33, 'Prof. Zella Dooley MD', 'In id eum qui exercitationem illo. Dolorum quo ipsa aspernatur nulla exercitationem iusto ex autem. Et enim id magni rerum.', 2, '2019-04-22 19:26:15', '2019-04-22 19:26:15'),
(128, 46, 'Sanford Shanahan Sr.', 'Incidunt quas est at nisi ut quidem tenetur. Eum labore praesentium sint corporis nobis. Unde eos nisi quisquam dicta. Ab qui ea eligendi sed numquam occaecati autem quis. Aut delectus id aut et doloremque aperiam.', 2, '2019-04-22 19:26:15', '2019-04-22 19:26:15'),
(129, 26, 'Gardner Hamill', 'Modi aliquid aperiam quia est et asperiores. Eligendi voluptas nesciunt optio quod. Iste qui qui rerum est. Sit error expedita quibusdam.', 1, '2019-04-22 19:26:15', '2019-04-22 19:26:15'),
(130, 47, 'Presley Reilly PhD', 'Omnis est aut praesentium alias eaque corrupti voluptas iure. Quasi sit corrupti similique laborum ipsam aut vero. Quis soluta nihil fugit reprehenderit aut id architecto. Perspiciatis aut ea ipsam laboriosam rerum pariatur cumque.', 4, '2019-04-22 19:26:15', '2019-04-22 19:26:15'),
(131, 10, 'Mr. Buddy Senger II', 'Blanditiis ut esse officiis. Cum vero pariatur sed qui. Error sed et provident ex expedita eveniet. At occaecati quibusdam exercitationem nihil rerum.', 2, '2019-04-22 19:26:15', '2019-04-22 19:26:15'),
(132, 6, 'Kacey Bradtke', 'In et aliquam deserunt minus minima porro. Omnis illo doloribus quis rerum mollitia. Accusamus placeat esse quia minima vero cumque nesciunt.', 2, '2019-04-22 19:26:15', '2019-04-22 19:26:15'),
(133, 31, 'Miss Kara Hyatt III', 'Rerum nisi maxime ut ab sapiente minima. Aut aut eum nisi laborum quas deserunt error sit. Est repudiandae mollitia quaerat.', 4, '2019-04-22 19:26:15', '2019-04-22 19:26:15'),
(134, 2, 'Stone Hagenes', 'Placeat autem vero quia ut omnis rerum autem. Nostrum qui et est non occaecati tenetur id. Et dicta sed rerum voluptatem consequatur optio et. Sunt et maiores dolor alias dolorem. Necessitatibus et officiis dolore in.', 1, '2019-04-22 19:26:15', '2019-04-22 19:26:15'),
(135, 25, 'Arnoldo Hane', 'In aut aut facere est iusto numquam unde doloribus. Eaque voluptatem et voluptas quis. Quas mollitia dicta aspernatur reprehenderit corporis mollitia praesentium perspiciatis. Cupiditate aut enim reiciendis eos dolorum maiores.', 4, '2019-04-22 19:26:15', '2019-04-22 19:26:15'),
(136, 14, 'Adelle Olson', 'Fugiat ea dolore ut consequatur cum ut. Laboriosam nisi molestiae repellendus. Ducimus et vitae reiciendis ut. Iure asperiores eos porro nesciunt fugit. Quisquam dolores laboriosam fuga aperiam est.', 3, '2019-04-22 19:26:15', '2019-04-22 19:26:15'),
(137, 29, 'Adah Schmidt IV', 'Quidem est dolor nostrum provident. Nihil occaecati sunt ipsa. Quia sed officiis rerum in perspiciatis alias. Omnis voluptates distinctio ad quas. Magnam aliquid cumque commodi fugit ut quasi nemo.', 2, '2019-04-22 19:26:15', '2019-04-22 19:26:15'),
(138, 34, 'Mr. Jovanny O\'Conner DVM', 'Accusamus enim similique excepturi et rem et. Iure nihil sint dolorem quia minus qui commodi. Sint culpa eius est iste. Velit fugit et id minus consequatur.', 5, '2019-04-22 19:26:15', '2019-04-22 19:26:15'),
(139, 35, 'Dr. Karen Gottlieb II', 'Nulla omnis est rerum officiis at ut accusantium. Fugit esse sunt quidem dignissimos repellat. Laborum magni officiis sunt est. Consequuntur et temporibus hic dolores quibusdam aut illo.', 2, '2019-04-22 19:26:15', '2019-04-22 19:26:15'),
(140, 42, 'Jay Johnston I', 'Ut velit aut in distinctio similique voluptates. Non eum vitae aut. Quia consequuntur est soluta sunt. Blanditiis soluta doloribus autem.', 3, '2019-04-22 19:26:15', '2019-04-22 19:26:15'),
(141, 9, 'Jordyn Kling', 'Deleniti iusto occaecati sit dignissimos qui perspiciatis. Est error ab vitae omnis dolor. Nemo saepe id quam. Voluptas magni commodi et blanditiis. Quia eos atque dolore error.', 1, '2019-04-22 19:26:15', '2019-04-22 19:26:15'),
(142, 32, 'Miguel Greenfelder', 'Qui rerum quia labore possimus nihil autem. Vel fugiat voluptatem autem eius facilis ut. Fuga ab et nostrum sit architecto. Nobis et quod saepe eum et est.', 3, '2019-04-22 19:26:15', '2019-04-22 19:26:15'),
(143, 3, 'Ms. Stella Stroman', 'Et voluptatem autem veritatis ipsam et similique. Ut ipsam numquam molestiae accusamus magni aut dolor. Consequuntur esse delectus officia temporibus. Qui suscipit harum sapiente blanditiis repudiandae.', 5, '2019-04-22 19:26:15', '2019-04-22 19:26:15'),
(144, 44, 'Miss Alexandrine Nikolaus Sr.', 'Quis reprehenderit consequatur nostrum quas in et ullam. Quod molestiae id dicta magni ea. Et expedita necessitatibus cum tempore optio.', 5, '2019-04-22 19:26:15', '2019-04-22 19:26:15'),
(145, 8, 'Kristopher Cartwright', 'Quia totam qui iure. In ut architecto odit aspernatur temporibus esse tempore. Sed dolor et dicta cum quo. Dicta quia sit quasi voluptatum odit.', 5, '2019-04-22 19:26:15', '2019-04-22 19:26:15'),
(146, 31, 'Katrine Mohr', 'Eos ex quidem natus natus quia et numquam. Dignissimos fugiat possimus et alias molestiae voluptatibus. Commodi quia corporis provident tempora. Inventore id ipsa eaque consequatur harum voluptatem veritatis exercitationem.', 5, '2019-04-22 19:26:15', '2019-04-22 19:26:15'),
(147, 4, 'Piper Kreiger PhD', 'Id vero totam commodi exercitationem. Iure velit id repellendus nihil. Qui nisi consequatur quaerat sit reiciendis. Harum et hic reprehenderit omnis recusandae. Eum aut fuga voluptatem dolor.', 5, '2019-04-22 19:26:15', '2019-04-22 19:26:15'),
(148, 24, 'Franz Spinka', 'Numquam sed provident quis nemo temporibus et ullam. Facere sit facilis autem aut quos dolor. Assumenda aut est et atque delectus sed quis.', 5, '2019-04-22 19:26:15', '2019-04-22 19:26:15'),
(149, 18, 'Dewitt Hammes', 'Magni natus dolorum ipsa. Aliquid magnam veniam quo architecto. Impedit cum consectetur harum sit sint at velit quia. Cum aut ea veniam sunt aliquid.', 4, '2019-04-22 19:26:15', '2019-04-22 19:26:15'),
(150, 42, 'Macey Bogan III', 'Doloribus et sed voluptas officiis iste. Error aspernatur minima quaerat quae eaque eius. Explicabo non saepe ea incidunt et.', 5, '2019-04-22 19:26:15', '2019-04-22 19:26:15'),
(151, 6, 'Alyce Kertzmann', 'Necessitatibus accusamus corrupti architecto aperiam earum voluptatem. Consequatur non rerum saepe dignissimos dolor. Soluta voluptas minus inventore.', 5, '2019-04-22 19:26:15', '2019-04-22 19:26:15'),
(152, 12, 'Wilfrid Mills II', 'Repudiandae sunt earum aut aliquam sed. Voluptates repellendus quidem omnis dolor. Ullam laudantium possimus quod ad blanditiis. Adipisci ut ipsum ut enim.', 4, '2019-04-22 19:26:15', '2019-04-22 19:26:15'),
(153, 22, 'Arne Kessler', 'Facilis ducimus soluta perspiciatis odit eveniet sint. Quis saepe voluptas sint sint. Ut eum veritatis ab repudiandae.', 4, '2019-04-22 19:26:15', '2019-04-22 19:26:15'),
(154, 50, 'Deondre Effertz', 'Consequuntur blanditiis reprehenderit voluptates doloremque ex. Tempora iste enim fuga rem omnis et culpa non. Nobis earum qui maxime eius possimus sint. Nihil quia commodi nobis inventore accusantium. Numquam aut accusantium quae dolor illum.', 5, '2019-04-22 19:26:15', '2019-04-22 19:26:15'),
(155, 18, 'Zoe Zieme MD', 'Magni totam quam enim mollitia. Non voluptas voluptatem quaerat aliquid. Labore eaque ut aliquam nesciunt occaecati doloribus harum sit. Ipsa maxime optio odio rerum quo.', 3, '2019-04-22 19:26:15', '2019-04-22 19:26:15'),
(156, 29, 'Lenora Crooks', 'Quaerat in et dolorem beatae quo. Vitae excepturi iure ex est id voluptatem vitae. Quasi soluta et quidem eos qui est voluptas.', 1, '2019-04-22 19:26:15', '2019-04-22 19:26:15'),
(157, 14, 'Jazmyn Fahey', 'Nihil perferendis dolorum vitae dolore nesciunt aliquid. Animi tenetur quis praesentium. Necessitatibus ab voluptatibus voluptatem nostrum vel voluptas suscipit ad. Magni qui aut est delectus dolorem maiores.', 3, '2019-04-22 19:26:15', '2019-04-22 19:26:15'),
(158, 49, 'Dr. Jordyn Hand', 'Aut repellendus et distinctio earum ea modi. Molestiae et harum facere provident tempore dolorem maiores. Eveniet molestiae et est nihil dolor.', 5, '2019-04-22 19:26:15', '2019-04-22 19:26:15'),
(159, 47, 'Zakary Spencer', 'Ducimus non aut et sunt doloribus. Quaerat ex similique explicabo harum qui doloremque nesciunt illo. Labore vero voluptas ducimus soluta officia officiis. Repellendus et et vel et excepturi quidem est.', 1, '2019-04-22 19:26:15', '2019-04-22 19:26:15'),
(160, 33, 'Mr. Travon Kunze I', 'Eius est ut impedit tempore ut possimus nemo. Molestias quisquam totam autem iure quia reprehenderit occaecati. Consequatur dolorem alias asperiores. Sequi et vel nesciunt molestiae et voluptatem et blanditiis.', 1, '2019-04-22 19:26:15', '2019-04-22 19:26:15'),
(161, 50, 'Ms. Amara Hoppe II', 'Animi corrupti pariatur commodi aut autem molestiae quae. Odio ad facere sed aut fugit consequatur unde. Aperiam est et omnis assumenda in dolorum.', 1, '2019-04-22 19:26:15', '2019-04-22 19:26:15'),
(162, 2, 'Christop Beier', 'Esse ut fugiat sed ad consectetur. Itaque et non delectus amet doloribus dolor. Corporis aut accusamus nihil possimus ducimus ut quidem.', 1, '2019-04-22 19:26:15', '2019-04-22 19:26:15'),
(163, 26, 'Janessa Simonis I', 'Et illum id voluptatem molestias omnis non ea. In totam quo voluptas.', 2, '2019-04-22 19:26:15', '2019-04-22 19:26:15'),
(164, 38, 'Mrs. Brandyn Schumm', 'Dolore autem cupiditate autem nulla amet. Deleniti voluptates et accusamus et quod. Tenetur dicta fugiat nobis corporis aut laboriosam perferendis.', 3, '2019-04-22 19:26:15', '2019-04-22 19:26:15'),
(165, 17, 'Kayli Reynolds', 'Nulla quae quae optio debitis et voluptatem et. Optio sint neque laborum inventore quo. Excepturi facere voluptas incidunt tenetur commodi aliquid inventore.', 2, '2019-04-22 19:26:15', '2019-04-22 19:26:15'),
(166, 23, 'Roderick Rutherford', 'Dolorem et qui consectetur autem quidem. Aut quos beatae fugiat amet voluptatem enim. Magnam et et ut asperiores aut velit. Ad perspiciatis magnam facere.', 1, '2019-04-22 19:26:15', '2019-04-22 19:26:15'),
(167, 22, 'Serenity Boehm V', 'Voluptatum iusto vel voluptates. Qui ratione eum sunt quasi voluptatem sunt repudiandae quis. Repellendus assumenda labore eius est non impedit nisi. Eos repudiandae veniam consectetur.', 3, '2019-04-22 19:26:15', '2019-04-22 19:26:15'),
(168, 20, 'Tara Effertz', 'Explicabo iure aut quia qui sed est voluptatem. Deserunt omnis esse mollitia tempore id. Expedita dolor similique non qui consequatur dignissimos aut quia.', 2, '2019-04-22 19:26:15', '2019-04-22 19:26:15'),
(169, 47, 'Prof. Zackary Powlowski Sr.', 'Et tempore fuga amet illo ipsa. Perspiciatis dolorem qui autem similique ut. Sapiente ut repellendus placeat eius pariatur.', 4, '2019-04-22 19:26:15', '2019-04-22 19:26:15'),
(170, 38, 'Stanford Kulas', 'Cum pariatur et distinctio et architecto autem voluptas. Cum quo debitis quae eum est maiores dolores. Ut numquam cum fugit molestias eveniet.', 3, '2019-04-22 19:26:15', '2019-04-22 19:26:15'),
(171, 43, 'Eryn Veum I', 'Aut aut ducimus eos at magni. Dignissimos sunt dicta odio. Ad veritatis et et sed quo consequuntur qui. Rem dignissimos quia autem nobis.', 3, '2019-04-22 19:26:15', '2019-04-22 19:26:15'),
(172, 2, 'Georgette Corkery', 'Qui eligendi dolore rerum itaque omnis a non. Quam et et sunt et ea. Quibusdam nihil dolores sequi qui aut nihil voluptatibus.', 4, '2019-04-22 19:26:15', '2019-04-22 19:26:15'),
(173, 28, 'Mark Rogahn', 'Dolor facere et eveniet saepe placeat qui. Esse et sint ex debitis aliquid omnis id. Suscipit qui unde hic tempora.', 4, '2019-04-22 19:26:16', '2019-04-22 19:26:16'),
(174, 44, 'Dion Buckridge', 'Laudantium facere impedit repellendus deserunt iure voluptates quam vel. Rem aut deserunt itaque ut voluptatem cum beatae quis. Vitae delectus blanditiis consequatur dolorem.', 5, '2019-04-22 19:26:16', '2019-04-22 19:26:16'),
(175, 34, 'Elisabeth Reinger Jr.', 'Sint ullam delectus aliquam perferendis repudiandae dolorum beatae. Sequi perferendis temporibus ipsum perspiciatis fuga omnis.', 1, '2019-04-22 19:26:16', '2019-04-22 19:26:16'),
(176, 48, 'Mr. Marley Sporer PhD', 'Nihil odio dignissimos dicta tempora sed est sequi. Sunt nihil temporibus nam expedita vero. Ea ad commodi totam et excepturi debitis. Ipsa est nemo id et consectetur.', 5, '2019-04-22 19:26:16', '2019-04-22 19:26:16'),
(177, 27, 'Emmanuelle Nienow', 'Culpa aspernatur doloribus eos sequi similique. Harum vitae corporis voluptas accusantium ipsa et. Velit et ut dolorem qui.', 5, '2019-04-22 19:26:16', '2019-04-22 19:26:16'),
(178, 13, 'Cleta Borer', 'Sint quibusdam odit occaecati porro ab qui est nostrum. Ut excepturi officiis sit animi molestiae aperiam error. Corrupti ipsam in atque et dolores assumenda sit. Iusto non porro quasi iste eius consequuntur aperiam.', 5, '2019-04-22 19:26:16', '2019-04-22 19:26:16'),
(179, 31, 'Weldon Kirlin I', 'Exercitationem explicabo excepturi quibusdam accusantium earum. Repellendus voluptas et error quas maiores ea. Dolorem sed quidem dolorum quo. Qui in quod facere sunt quis consequatur aut.', 4, '2019-04-22 19:26:16', '2019-04-22 19:26:16'),
(180, 26, 'Isabel Morissette', 'Incidunt accusantium laborum tempora est temporibus sit tempora. In qui enim alias temporibus. Odio inventore maxime sint est eius.', 5, '2019-04-22 19:26:16', '2019-04-22 19:26:16'),
(181, 11, 'Arielle Wilkinson Sr.', 'Debitis atque et quae officiis exercitationem. Cupiditate exercitationem exercitationem adipisci. Et porro distinctio voluptas voluptates recusandae incidunt.', 5, '2019-04-22 19:26:16', '2019-04-22 19:26:16'),
(182, 41, 'Wyman West', 'Iusto incidunt eos rerum. Aspernatur ipsa quasi veritatis modi. Dolorem aut voluptas similique dolor similique voluptatem autem maiores. Dolores facere voluptate qui autem consequuntur sunt.', 4, '2019-04-22 19:26:16', '2019-04-22 19:26:16'),
(183, 29, 'Syble Moen', 'Dolorem ut porro neque adipisci exercitationem. Id libero asperiores adipisci. Cum et nostrum et perspiciatis amet consequatur.', 3, '2019-04-22 19:26:16', '2019-04-22 19:26:16'),
(184, 44, 'Felipe Christiansen', 'Placeat aut voluptas dignissimos id. Et aperiam architecto corrupti sit. Ut voluptatum maxime autem vel ut laudantium. Qui optio placeat eius odit aut est.', 4, '2019-04-22 19:26:16', '2019-04-22 19:26:16'),
(185, 23, 'Mac Larkin', 'Quam accusantium nihil quam non qui. Est velit aut soluta facilis. Eius at praesentium omnis nihil omnis odit. Omnis excepturi non quidem odio laborum ad facilis.', 2, '2019-04-22 19:26:16', '2019-04-22 19:26:16'),
(186, 13, 'Miss Stella Kerluke II', 'Et quaerat sapiente dolorem est et error. Eos ad esse soluta corrupti. Optio est labore omnis alias omnis.', 2, '2019-04-22 19:26:16', '2019-04-22 19:26:16'),
(187, 8, 'Alexander Gislason', 'Quo omnis dicta beatae non. Omnis excepturi et quo et ea animi. Consequuntur cupiditate molestiae ut non repudiandae ut non dolores.', 1, '2019-04-22 19:26:16', '2019-04-22 19:26:16'),
(188, 26, 'Dr. Liana Lockman I', 'In necessitatibus iste odit perspiciatis libero occaecati vero. Magnam consequatur quas consequatur. Dignissimos expedita eum eveniet suscipit.', 3, '2019-04-22 19:26:16', '2019-04-22 19:26:16'),
(189, 20, 'Abby Johns', 'Doloremque commodi amet atque. Dolorem aut molestiae temporibus aliquid ipsum recusandae ipsa. Porro dolorem et esse quos voluptatem autem.', 1, '2019-04-22 19:26:16', '2019-04-22 19:26:16'),
(190, 46, 'Roger Buckridge', 'Eveniet iusto blanditiis vel nam nostrum nesciunt. Et maxime distinctio placeat qui. Ea et voluptas sint est.', 5, '2019-04-22 19:26:16', '2019-04-22 19:26:16'),
(191, 6, 'Kellie Daniel', 'Repellat incidunt voluptas maxime officia facere repellendus alias. Vero dolorum dignissimos velit quae corporis qui. Consequatur recusandae vero dolor adipisci ullam corporis. Ut fugiat impedit et ab corporis doloremque aut.', 3, '2019-04-22 19:26:16', '2019-04-22 19:26:16'),
(192, 12, 'Prof. Cleta Flatley III', 'Nihil expedita ab et consequatur atque veritatis. Ab et impedit commodi non vel commodi et voluptatem. Quasi quibusdam quos doloremque.', 3, '2019-04-22 19:26:16', '2019-04-22 19:26:16'),
(193, 20, 'Vivienne Hudson V', 'Tenetur neque dicta repudiandae ipsa delectus commodi et. Expedita quis accusamus dicta molestiae omnis. A quae beatae dignissimos et.', 3, '2019-04-22 19:26:16', '2019-04-22 19:26:16'),
(194, 14, 'Ms. Juliet Cole', 'Animi harum quo veniam aperiam ut pariatur ullam. Ut corrupti facere quia cumque. Nihil beatae dicta fuga quis repellat doloremque.', 4, '2019-04-22 19:26:16', '2019-04-22 19:26:16'),
(195, 40, 'Prof. Lucas Dickens', 'Eaque aut et fuga ipsum quae eos provident. Aliquid dolorum doloremque magnam ex quo expedita unde ea. Nisi modi veniam repellendus et sed.', 1, '2019-04-22 19:26:16', '2019-04-22 19:26:16'),
(196, 46, 'Johnpaul Wintheiser', 'Saepe quia ad labore quis perferendis ea sed. Accusantium consequatur facere voluptate consequatur. Adipisci illum ipsum cumque est veniam. Magnam voluptas occaecati corporis sit eius sapiente.', 1, '2019-04-22 19:26:16', '2019-04-22 19:26:16'),
(197, 7, 'Prof. Mellie Conn', 'Voluptatibus enim veniam aut ullam voluptate. Iusto ea et nihil delectus dolorem qui laudantium. Similique amet blanditiis ab non rem autem. Voluptatem quia sed itaque et.', 3, '2019-04-22 19:26:16', '2019-04-22 19:26:16'),
(198, 30, 'Evangeline Schuppe Jr.', 'Placeat commodi cumque voluptatem. Quia delectus consequatur quam sequi facilis. Hic est placeat quo quidem. Dolores ex reiciendis rerum id delectus dolore.', 3, '2019-04-22 19:26:16', '2019-04-22 19:26:16'),
(199, 28, 'Dorothea Ruecker PhD', 'Quos soluta et qui ullam suscipit nesciunt. Necessitatibus qui dolore omnis aut quidem. Quia iure sequi exercitationem. Omnis vero et quidem numquam expedita aliquam.', 2, '2019-04-22 19:26:16', '2019-04-22 19:26:16'),
(200, 44, 'Prof. Bryana Jerde III', 'Suscipit vel animi corporis ipsum. Asperiores nisi quod nihil. Reiciendis eligendi repudiandae at eius magni sed facere. Ad et rem aut consequuntur nihil voluptate ut.', 3, '2019-04-22 19:26:16', '2019-04-22 19:26:16'),
(201, 25, 'Dr. Lee Dare', 'Eaque aliquid ut inventore voluptates odit in. Ut consequatur nisi dicta incidunt eligendi sed occaecati. Ipsa eaque facere libero tenetur quia ut.', 4, '2019-04-22 19:26:16', '2019-04-22 19:26:16'),
(202, 50, 'Braden Wolf', 'Architecto voluptatem laborum qui qui. In blanditiis eius eaque. Laudantium velit eligendi quaerat adipisci vitae cumque.', 5, '2019-04-22 19:26:16', '2019-04-22 19:26:16'),
(203, 11, 'Felton Harber', 'Sapiente eum mollitia deleniti impedit non. Magnam exercitationem earum non accusantium non consequuntur ut.', 1, '2019-04-22 19:26:16', '2019-04-22 19:26:16'),
(204, 35, 'Ashley Medhurst III', 'Qui corporis aliquam itaque voluptates. Aut rerum delectus culpa dignissimos. Recusandae expedita similique similique eius consequuntur. Iusto maxime voluptatem molestiae corrupti.', 2, '2019-04-22 19:26:16', '2019-04-22 19:26:16'),
(205, 24, 'Sophie Dibbert III', 'Eaque quos ipsa rerum sed dolore. Modi molestias consequatur quas praesentium. Et et fuga quidem ex odio. At unde doloremque et.', 3, '2019-04-22 19:26:16', '2019-04-22 19:26:16'),
(206, 4, 'Olin Dicki', 'Earum quis ullam quo et harum. Similique blanditiis quibusdam commodi ut veritatis quo sed consequatur. Beatae ea numquam ratione molestiae qui. Et assumenda quidem iusto non.', 1, '2019-04-22 19:26:16', '2019-04-22 19:26:16'),
(207, 26, 'Prof. Beau McKenzie', 'Iste officia ea est adipisci fugiat doloremque. Id enim debitis eligendi deleniti magnam sed. Nisi eos corporis veniam culpa in consequatur minima.', 3, '2019-04-22 19:26:16', '2019-04-22 19:26:16'),
(208, 46, 'Vance Heaney', 'Ducimus et voluptas soluta saepe. Eum earum repudiandae blanditiis excepturi. Eos repellendus iste perspiciatis natus.', 3, '2019-04-22 19:26:16', '2019-04-22 19:26:16'),
(209, 33, 'Kole Reichert', 'Ut dolores ipsum excepturi ut esse laudantium ab. Aut veniam nisi cupiditate perferendis nesciunt maxime aliquam itaque. Sequi culpa est in dicta nobis. Rerum dolorem et placeat sapiente molestias ducimus veniam.', 4, '2019-04-22 19:26:16', '2019-04-22 19:26:16');
INSERT INTO `reviews` (`id`, `product_id`, `customer`, `text`, `star`, `created_at`, `updated_at`) VALUES
(210, 28, 'Miss Mina Goodwin', 'Sed eos inventore sed explicabo tempore. Minima quae veritatis tempora dolorem et magni consectetur rerum. Sequi aliquid ab fuga dolor.', 3, '2019-04-22 19:26:16', '2019-04-22 19:26:16'),
(211, 38, 'Dr. Chauncey Pacocha', 'Corporis sunt eveniet dolor consequatur iure rem. Qui dolor architecto officiis est. Quos reprehenderit cum est aut odit culpa.', 5, '2019-04-22 19:26:16', '2019-04-22 19:26:16'),
(212, 27, 'Mrs. Tina Brakus', 'Deserunt expedita tenetur eius delectus praesentium. Maxime tempore maiores veritatis ex omnis.', 2, '2019-04-22 19:26:16', '2019-04-22 19:26:16'),
(213, 43, 'Edward Effertz', 'Consequuntur esse ut itaque ipsum error vero. Ratione libero qui blanditiis maxime eaque. Et qui minima recusandae tempora eos. Voluptatum eos id possimus blanditiis id iure.', 2, '2019-04-22 19:26:16', '2019-04-22 19:26:16'),
(214, 24, 'Benny Beier', 'Accusamus non perspiciatis voluptatem placeat reprehenderit soluta quos earum. Nisi eos qui eius. In facere autem quae libero facere quod. Necessitatibus molestiae ut ipsa modi velit. Corrupti ipsum sit ut sed ratione minima repellendus.', 3, '2019-04-22 19:26:16', '2019-04-22 19:26:16'),
(215, 46, 'Reece Nikolaus IV', 'Iusto accusamus optio dicta aliquam dolorem aut cupiditate aliquam. Ea dolorem illum perspiciatis incidunt quas nam. Aperiam alias possimus odio sapiente. Corporis natus autem ullam quia.', 2, '2019-04-22 19:26:16', '2019-04-22 19:26:16'),
(216, 46, 'Selena Romaguera', 'Qui at ut repellat voluptatibus dolore quae. Ut dolor doloremque necessitatibus nisi aut soluta porro. Non minus ut aut ratione sit.', 1, '2019-04-22 19:26:16', '2019-04-22 19:26:16'),
(217, 47, 'Pauline Turner', 'Asperiores non exercitationem eos. Quod accusantium non consequatur nobis libero porro.', 2, '2019-04-22 19:26:16', '2019-04-22 19:26:16'),
(218, 40, 'Esperanza Quitzon', 'Numquam voluptate et iste assumenda. Maxime temporibus eligendi eveniet. Ipsa eligendi tenetur cum. Sint praesentium facere nobis.', 1, '2019-04-22 19:26:16', '2019-04-22 19:26:16'),
(219, 17, 'Dr. Chesley King MD', 'Non voluptas id aspernatur voluptates. Ipsa iure eaque animi non omnis consequatur. Placeat odio consequatur eos labore. Sint non alias omnis quasi aperiam sunt.', 4, '2019-04-22 19:26:16', '2019-04-22 19:26:16'),
(220, 2, 'Sabrina Marks DDS', 'Et nihil tempora sunt ut. Deleniti officia eos reiciendis quasi. Impedit tenetur distinctio sunt nemo. Quidem veritatis fugit quam et dolores nobis asperiores.', 4, '2019-04-22 19:26:16', '2019-04-22 19:26:16'),
(221, 28, 'Ms. Ayana Bauch', 'Qui debitis ut a nihil ut. Qui sint unde dicta. Nulla nihil inventore quia aperiam eaque modi rem. Esse praesentium provident aut tenetur.', 2, '2019-04-22 19:26:16', '2019-04-22 19:26:16'),
(222, 36, 'Jake McKenzie', 'Est aut quia cumque accusamus eos. Sequi quae blanditiis eos non ab fugit voluptatem. Ut qui minima cum quo consequatur laborum.', 2, '2019-04-22 19:26:16', '2019-04-22 19:26:16'),
(223, 11, 'Miss Kacie Bruen Jr.', 'Reprehenderit nihil quam consequatur voluptatum ut quas. Fugit repellendus vero consequatur voluptates magni sit expedita asperiores. Qui odit neque placeat.', 3, '2019-04-22 19:26:16', '2019-04-22 19:26:16'),
(224, 3, 'Cecil Stamm DVM', 'Voluptatem natus dolor aspernatur quis. Cupiditate temporibus vitae inventore voluptatem. Aut nobis non excepturi ut ad nam iste.', 5, '2019-04-22 19:26:16', '2019-04-22 19:26:16'),
(225, 10, 'Dr. Everett Beer MD', 'Magni sed et laborum et. Fuga error atque itaque perferendis dolorem assumenda consequuntur. Nisi quam odit velit. Et accusamus numquam molestiae aut.', 2, '2019-04-22 19:26:16', '2019-04-22 19:26:16'),
(226, 40, 'Gregg Kuhic MD', 'Veritatis aspernatur porro ipsa suscipit aspernatur. Minima atque explicabo vero consequuntur dolorem distinctio sunt. Et id non hic exercitationem. Distinctio quo quia temporibus sit quam nobis numquam.', 3, '2019-04-22 19:26:16', '2019-04-22 19:26:16'),
(227, 13, 'Prof. Kirk Dicki III', 'Et sunt atque occaecati vitae ipsum est animi. Nostrum at doloribus repellat soluta eos laboriosam inventore modi. Odio aut at laboriosam nihil.', 1, '2019-04-22 19:26:16', '2019-04-22 19:26:16'),
(228, 46, 'Alejandrin Kihn V', 'Blanditiis veritatis iusto aut omnis aut. Ut sequi dolore cum. Maiores fugit nulla consequuntur et ullam. Distinctio voluptatum sed veniam. Quod expedita animi nisi modi alias dolores.', 4, '2019-04-22 19:26:16', '2019-04-22 19:26:16'),
(229, 19, 'Domenica Nikolaus', 'Vel aut est quia architecto ea accusantium. Laborum et omnis sunt quo. Voluptatem nobis mollitia nam voluptatem. Voluptas et vel qui error.', 3, '2019-04-22 19:26:16', '2019-04-22 19:26:16'),
(230, 28, 'Mr. Pierce Langosh MD', 'Et corporis consequatur a velit. Maiores in qui ex earum et voluptates necessitatibus. Eum reiciendis ut quo.', 5, '2019-04-22 19:26:16', '2019-04-22 19:26:16'),
(231, 29, 'Mrs. Marquise Beer I', 'Explicabo fuga fuga repellendus est culpa. Eveniet dicta aut saepe aspernatur et vero vero. Ullam nesciunt autem voluptatem officia pariatur ab.', 5, '2019-04-22 19:26:16', '2019-04-22 19:26:16'),
(232, 12, 'Brandon White DDS', 'Suscipit incidunt natus maxime non. Velit ex optio exercitationem amet et dolores.', 3, '2019-04-22 19:26:16', '2019-04-22 19:26:16'),
(233, 26, 'Tania Bartoletti DVM', 'Consequatur delectus quisquam et cupiditate eos sed suscipit. Autem aut tempora ducimus aliquid velit quo veritatis. Consequuntur error minus voluptatem ut omnis sunt iusto.', 5, '2019-04-22 19:26:16', '2019-04-22 19:26:16'),
(234, 27, 'Skye Turner', 'Ipsam aliquid occaecati et perferendis qui illo facilis. Placeat quibusdam necessitatibus minus et aliquid nam. Quae et et alias ut distinctio laudantium. Nam suscipit dolor sed modi dolorem.', 1, '2019-04-22 19:26:16', '2019-04-22 19:26:16'),
(235, 35, 'Buford Rodriguez', 'Qui magnam sequi ab est. Pariatur tenetur numquam quia possimus maiores maxime et.', 4, '2019-04-22 19:26:16', '2019-04-22 19:26:16'),
(236, 36, 'Dr. General Marquardt III', 'Fugiat necessitatibus dolorem quasi. Et dolores eaque quidem. Illo fugiat eos ut vitae praesentium velit. Itaque aut voluptate laborum et nisi adipisci quaerat.', 1, '2019-04-22 19:26:16', '2019-04-22 19:26:16'),
(237, 14, 'Betty Kuphal', 'Provident quis ut accusantium nihil dignissimos et sed. Et distinctio dicta ut nihil natus aspernatur officia dolorem. Non repellendus et et quae quia iste et ea.', 1, '2019-04-22 19:26:16', '2019-04-22 19:26:16'),
(238, 4, 'Kailey Blanda DVM', 'Dicta repellendus inventore et repellat quas ea a natus. Laudantium exercitationem fuga dignissimos eveniet laborum. Id beatae maiores error sint nam voluptatem perferendis. Ad dignissimos fuga omnis et sint.', 4, '2019-04-22 19:26:16', '2019-04-22 19:26:16'),
(239, 32, 'Dora Stamm', 'Omnis recusandae sed sint quas ut. Atque id maxime omnis eum consectetur omnis aut.', 5, '2019-04-22 19:26:16', '2019-04-22 19:26:16'),
(240, 10, 'Chesley Conn', 'Perferendis iste magnam facilis asperiores labore. Eum quasi voluptatem culpa temporibus et incidunt. Quo quo ipsa aliquam pariatur. Dolor vero officia culpa quisquam distinctio iste fugit. Quam illo quas qui eligendi.', 3, '2019-04-22 19:26:16', '2019-04-22 19:26:16'),
(241, 28, 'Enrique McKenzie', 'Recusandae magnam voluptates cum dolorum facere tempora reprehenderit. Eaque ut numquam porro laborum cupiditate consequatur occaecati. Nam quis voluptas eum illo quisquam laborum quo. Temporibus eum ut ut distinctio quo occaecati. Blanditiis atque et molestiae ut.', 3, '2019-04-22 19:26:16', '2019-04-22 19:26:16'),
(242, 37, 'Cristina Morar', 'Facere ab dolorem rem dolorum quas aut eum. Ut est voluptatibus tempore in eius expedita quasi. Asperiores eos vel tenetur quae magnam. Asperiores omnis officiis aspernatur qui nulla.', 1, '2019-04-22 19:26:16', '2019-04-22 19:26:16'),
(243, 36, 'Dr. Moriah Stokes', 'Aut eligendi temporibus rem optio. Adipisci qui at possimus vel ratione et alias. Aspernatur molestias nulla sit quia cumque nihil. Odit voluptate libero voluptatem itaque.', 3, '2019-04-22 19:26:16', '2019-04-22 19:26:16'),
(244, 10, 'Randall Padberg', 'Est non aut eos distinctio unde fugiat enim. Commodi eius quidem maiores sint harum quia. Pariatur culpa minus voluptatem est praesentium quam.', 2, '2019-04-22 19:26:16', '2019-04-22 19:26:16'),
(245, 46, 'Anne Goodwin V', 'Distinctio quisquam veritatis ab. Et rem adipisci sed quae error. Sunt animi quasi totam. Alias quia perspiciatis similique delectus molestiae.', 2, '2019-04-22 19:26:16', '2019-04-22 19:26:16'),
(246, 31, 'Nayeli Casper', 'Autem consequatur voluptatem odit. Ipsa dolores quia quos ex in quaerat. Odit maxime tenetur consectetur. Quia est quo ut ut non quia enim.', 1, '2019-04-22 19:26:16', '2019-04-22 19:26:16'),
(247, 26, 'Dean Rohan', 'Est exercitationem laboriosam non aut excepturi. Qui mollitia laborum a delectus assumenda. Eligendi magni dolorem dolor libero praesentium est. Ea cum esse dolor expedita.', 4, '2019-04-22 19:26:16', '2019-04-22 19:26:16'),
(248, 36, 'Mr. Dudley Halvorson MD', 'Earum temporibus ut et in officiis. Rerum magnam distinctio dolorem tenetur numquam sequi quia. Quos aut quia et recusandae. Voluptas maiores quis libero officiis repellat repudiandae. Iste omnis minus possimus neque.', 4, '2019-04-22 19:26:16', '2019-04-22 19:26:16'),
(249, 43, 'Bernie Anderson', 'Veniam mollitia natus nihil accusamus facilis et quod. Sapiente repellendus aut voluptatem iusto. Veniam et ea iure omnis ut aut.', 3, '2019-04-22 19:26:16', '2019-04-22 19:26:16'),
(250, 18, 'Alphonso Dietrich I', 'Iusto debitis qui voluptas consectetur quia qui harum. Natus nulla ut numquam assumenda quod esse. Eligendi qui et maxime dolorum. Commodi voluptatum aspernatur quasi qui molestiae molestiae.', 5, '2019-04-22 19:26:16', '2019-04-22 19:26:16'),
(251, 3, 'Mr. Bryce Dickinson', 'Veritatis vero harum est molestiae. Sint at nulla libero sit et. Cum omnis et cum voluptatem praesentium corporis sit enim.', 2, '2019-04-22 19:26:16', '2019-04-22 19:26:16'),
(252, 48, 'Cristina Wolf', 'Expedita ut eveniet impedit voluptates rerum nobis et. Voluptate amet dolor optio ea. Dignissimos commodi nulla molestiae ratione aliquam et.', 3, '2019-04-22 19:26:16', '2019-04-22 19:26:16'),
(253, 22, 'Ms. Belle Lebsack', 'Esse autem repudiandae quis consectetur quo praesentium. Qui ut doloribus tempore doloremque vel iste nisi. Deleniti laudantium libero nihil dolores sit quidem molestias magnam. Deleniti veniam dolorem nihil aut quae quo. Beatae et modi labore sequi.', 2, '2019-04-22 19:26:16', '2019-04-22 19:26:16'),
(254, 1, 'Adela Collier', 'Eum nobis possimus et aliquid minus eum. Sed tempore accusamus qui sed vitae atque ut natus. Tempore quam dolores occaecati a rerum.', 2, '2019-04-22 19:26:16', '2019-04-22 19:26:16'),
(255, 10, 'Miss Tara Kulas V', 'Modi quisquam odio magni expedita sequi voluptatem quod dignissimos. Aut aliquid omnis modi id rem deserunt. Et doloribus harum ut non sed voluptas.', 4, '2019-04-22 19:26:16', '2019-04-22 19:26:16'),
(256, 6, 'Amalia Rice', 'Veritatis et sed vel eligendi explicabo. Et voluptatem cumque iure dolor dolor saepe maxime. Aut rerum autem repellendus. Voluptate sint inventore ratione distinctio veniam repellendus recusandae eius. Quibusdam et est cumque quos nesciunt ut odio.', 4, '2019-04-22 19:26:16', '2019-04-22 19:26:16'),
(257, 44, 'Cassidy Abbott II', 'Doloremque et et voluptate ut quia. Repellendus adipisci facilis eveniet ad eos voluptate. Incidunt sint nulla iste provident beatae animi. Aliquid porro eligendi qui et aliquam.', 3, '2019-04-22 19:26:16', '2019-04-22 19:26:16'),
(258, 45, 'Viola Reilly', 'Consequatur voluptatem ullam aspernatur quae et. Quasi aut hic voluptates alias qui dolore. Voluptatem aut minus eius officiis deserunt molestiae culpa fuga. Debitis suscipit laudantium non.', 5, '2019-04-22 19:26:16', '2019-04-22 19:26:16'),
(259, 6, 'Jerad Hyatt', 'Soluta harum error tempora sunt sunt rerum. Aut provident voluptas voluptas eum. Unde et culpa earum fugiat. Error similique et voluptates consequatur.', 3, '2019-04-22 19:26:16', '2019-04-22 19:26:16'),
(260, 18, 'Norma Collier', 'Ullam atque facere molestias ut. Sed eius dolores laborum recusandae.', 1, '2019-04-22 19:26:16', '2019-04-22 19:26:16'),
(261, 16, 'Eleazar Kshlerin', 'Sed voluptas est exercitationem vel non laboriosam aliquid qui. Placeat cum maiores vel.', 4, '2019-04-22 19:26:16', '2019-04-22 19:26:16'),
(262, 6, 'Kiana Leffler Sr.', 'Asperiores labore omnis nihil nihil. Tempore totam molestias alias ex minus. Cumque sit a officia laborum rem dolore ab. Sit ipsum aliquid est commodi sit. Harum aut omnis officiis.', 1, '2019-04-22 19:26:16', '2019-04-22 19:26:16'),
(263, 8, 'Mrs. Zena Kovacek', 'Non nulla dolores doloribus veritatis. Odit et nulla quisquam commodi. Et illo eum iure ipsum est facilis dolorem velit. Est quia accusamus distinctio.', 2, '2019-04-22 19:26:16', '2019-04-22 19:26:16'),
(264, 41, 'Mariana Gislason', 'Minus sequi laboriosam sed minima quae quos fugiat magni. Exercitationem fugiat id id qui cupiditate suscipit. Quasi atque molestiae cum natus occaecati. Veritatis dolorem libero quia ut optio sit.', 4, '2019-04-22 19:26:16', '2019-04-22 19:26:16'),
(265, 25, 'Dr. Cindy Bins', 'Non ut quia est nam. Consequatur assumenda consequatur accusantium voluptatem et qui nesciunt. Sunt aut voluptatem dolor quos alias maxime.', 3, '2019-04-22 19:26:16', '2019-04-22 19:26:16'),
(266, 44, 'Jonathon Reichert III', 'Consequuntur labore laudantium voluptates rerum voluptatem quas facilis. Et magnam delectus error temporibus dolorem officiis cum. Vero earum molestiae omnis eveniet hic. Perspiciatis ratione voluptatibus iure aspernatur ea voluptatem.', 3, '2019-04-22 19:26:16', '2019-04-22 19:26:16'),
(267, 30, 'Magdalena Waelchi', 'Eos soluta nemo placeat quas doloribus aperiam et. Et eaque autem aliquam rerum. Error accusamus et dolor sapiente modi dolore illum quo. Omnis voluptatem maxime consectetur libero animi quo.', 2, '2019-04-22 19:26:16', '2019-04-22 19:26:16'),
(268, 17, 'Magdalena Dickens', 'Illo et necessitatibus ea numquam sint enim nihil. Eos laborum necessitatibus et ut laudantium in voluptate. Suscipit reprehenderit quia quia quam ducimus. Possimus est et eaque nihil et.', 2, '2019-04-22 19:26:16', '2019-04-22 19:26:16'),
(269, 3, 'Nikita Conn', 'Consequuntur nulla atque iure vel quaerat rem dolorem. Quidem rerum sint sit. Enim sit eos eos.', 4, '2019-04-22 19:26:16', '2019-04-22 19:26:16'),
(270, 37, 'Gabriella O\'Connell DVM', 'Blanditiis omnis enim beatae dolore. Itaque sed repellat minima et. Qui hic aspernatur rerum dolore magnam.', 2, '2019-04-22 19:26:16', '2019-04-22 19:26:16'),
(271, 47, 'Dolores Hilpert PhD', 'Eum aperiam repellat in et. Exercitationem consequatur necessitatibus corrupti laboriosam. In quos quia in aut.', 1, '2019-04-22 19:26:16', '2019-04-22 19:26:16'),
(272, 17, 'Edwardo Thiel', 'Non itaque distinctio sunt. Dolorem dolores animi nihil soluta. Aspernatur officiis ea iste nihil ut praesentium voluptatem. Cum fuga nisi doloremque sit at.', 4, '2019-04-22 19:26:16', '2019-04-22 19:26:16'),
(273, 47, 'Johnathan Prohaska Jr.', 'Omnis quod et commodi occaecati. Consequatur delectus perspiciatis nam ad occaecati ut ut qui. Qui quo dolor nemo qui molestias. Et itaque minus voluptas nihil quia quis. Aliquid modi tempora et dicta sed quia impedit.', 2, '2019-04-22 19:26:16', '2019-04-22 19:26:16'),
(274, 18, 'Dr. Colton Boyle', 'Voluptate praesentium aspernatur aliquid minima qui labore. Nihil minus et quam architecto nulla. Animi consequuntur fuga nostrum ut eveniet non.', 2, '2019-04-22 19:26:16', '2019-04-22 19:26:16'),
(275, 15, 'Cecile Hagenes', 'Earum non debitis illum et. Et et reprehenderit consequatur voluptatem error aspernatur sapiente aut. Quos animi ab tempora blanditiis.', 1, '2019-04-22 19:26:16', '2019-04-22 19:26:16'),
(276, 24, 'Nathan Hudson', 'Rem commodi assumenda temporibus voluptate libero et voluptates. Et omnis earum consequuntur eos iusto ut. Earum non eum consequuntur et. Dolorem provident ipsa omnis eum provident vel ullam.', 1, '2019-04-22 19:26:16', '2019-04-22 19:26:16'),
(277, 43, 'Prof. Anabelle Schmidt', 'Et est quae perferendis sint. Quo nulla hic aut cupiditate esse. Natus sapiente culpa odio quis provident dolor. Velit vero commodi dolores.', 1, '2019-04-22 19:26:16', '2019-04-22 19:26:16'),
(278, 21, 'Jayce Feil Jr.', 'Et nemo nesciunt et accusamus corrupti. Assumenda voluptas quis quidem corporis dolores sint voluptatem rem. Beatae amet alias ut odit temporibus cupiditate at. Quia nesciunt alias culpa sit harum ut.', 4, '2019-04-22 19:26:16', '2019-04-22 19:26:16'),
(279, 13, 'Zena Reichel', 'Ipsum sint inventore atque veniam quo eaque occaecati. Nostrum et esse et fugit quaerat est illum. Occaecati et accusamus qui ipsum.', 4, '2019-04-22 19:26:16', '2019-04-22 19:26:16'),
(280, 23, 'Casandra Carter', 'Vel et blanditiis nihil numquam. Harum ab suscipit praesentium ut et amet impedit. Nam amet temporibus quos cum possimus aut.', 1, '2019-04-22 19:26:16', '2019-04-22 19:26:16'),
(281, 48, 'April Bogisich', 'Maxime hic atque voluptas vitae consequatur est. Et voluptatem sed facilis natus voluptate.', 5, '2019-04-22 19:26:16', '2019-04-22 19:26:16'),
(282, 22, 'Vallie Cummings', 'Magni molestiae quam ducimus non ratione doloremque. Ex saepe nesciunt et est voluptatibus sed. Molestiae ratione amet alias ipsam.', 4, '2019-04-22 19:26:16', '2019-04-22 19:26:16'),
(283, 26, 'Hulda Christiansen', 'Delectus asperiores et quo id. Eveniet eveniet quis at aliquam. Maxime nihil iste et id quo. Itaque quae autem laboriosam et velit error occaecati.', 3, '2019-04-22 19:26:16', '2019-04-22 19:26:16'),
(284, 21, 'Dr. Loma Lesch', 'Qui blanditiis minima fugiat eos sed. Animi esse alias quaerat vitae deserunt eos. Ut adipisci eum rerum nostrum. Et aut in voluptate aliquid in quos.', 5, '2019-04-22 19:26:16', '2019-04-22 19:26:16'),
(285, 14, 'Prof. Judge Towne', 'Enim assumenda fugit ut rem eaque recusandae. Tempora voluptatibus consectetur quas nesciunt laborum. Et neque ipsam aperiam ut ducimus vel magnam. Officiis libero qui impedit perferendis dolores hic in.', 2, '2019-04-22 19:26:16', '2019-04-22 19:26:16'),
(286, 43, 'Roderick Bosco', 'Et consequatur eum itaque molestiae omnis. In ea quis voluptatem deleniti eos dolor. Non minus repellendus corrupti est. Eum eos temporibus eum. Sequi illo consequatur rem molestias.', 2, '2019-04-22 19:26:16', '2019-04-22 19:26:16'),
(287, 19, 'Mrs. Lurline Balistreri', 'Et esse reiciendis ut voluptas cupiditate eaque dolor. Porro odit fuga recusandae et libero. Quisquam nihil ipsum quasi ut dignissimos laborum.', 3, '2019-04-22 19:26:16', '2019-04-22 19:26:16'),
(288, 30, 'Dr. Gianni Champlin', 'Consectetur ut quia quia maxime odio id rerum et. Esse voluptas culpa ullam.', 4, '2019-04-22 19:26:16', '2019-04-22 19:26:16'),
(289, 19, 'Eugene Moore', 'Ut sapiente enim ut occaecati aperiam asperiores voluptatum. Porro qui ut fugiat et. Omnis modi rerum itaque et enim. Et ab inventore temporibus expedita nobis quia doloremque.', 2, '2019-04-22 19:26:16', '2019-04-22 19:26:16'),
(290, 2, 'Mertie Stroman', 'Soluta excepturi adipisci odit earum consequatur. Expedita minima quod animi quaerat molestias. Impedit ullam et beatae numquam. Sed qui quo eius non mollitia.', 3, '2019-04-22 19:26:16', '2019-04-22 19:26:16'),
(291, 7, 'Miss Oma Homenick', 'Consequuntur ut impedit minus. Omnis ullam reiciendis doloribus quia libero unde. Nihil blanditiis et vero voluptatem.', 5, '2019-04-22 19:26:16', '2019-04-22 19:26:16'),
(292, 40, 'Mr. Alan Cummings', 'Pariatur harum sed officia tempore quos sunt. Laudantium quam et ipsum et. Provident ab et iste ut delectus quidem.', 2, '2019-04-22 19:26:16', '2019-04-22 19:26:16'),
(293, 31, 'Murl Wyman', 'Quibusdam sed voluptate animi quis quas natus ipsa iusto. Iure distinctio animi nisi soluta at.', 5, '2019-04-22 19:26:16', '2019-04-22 19:26:16'),
(294, 32, 'Johnny Rau', 'Ut eaque eum officiis ut id velit minus. Pariatur non quibusdam dolores eum beatae. Qui ad sit libero explicabo officia repudiandae. Dolorem quibusdam et et quam ut.', 4, '2019-04-22 19:26:16', '2019-04-22 19:26:16'),
(295, 34, 'Onie Murazik', 'Soluta atque sit enim esse magnam aliquam quia eos. Dolor quaerat maxime rerum mollitia animi. Velit repellat libero ab voluptas.', 2, '2019-04-22 19:26:16', '2019-04-22 19:26:16'),
(296, 43, 'Wilfrid Aufderhar MD', 'Expedita voluptatibus eum autem nam mollitia. Qui molestiae suscipit eos ea dolores et. Voluptas itaque qui quas aliquam est iure.', 3, '2019-04-22 19:26:16', '2019-04-22 19:26:16'),
(297, 46, 'Frederic Runolfsson', 'Aut excepturi molestias ut incidunt. Vel explicabo est nemo unde blanditiis. Totam delectus temporibus atque provident perferendis non. Dolor in et consequatur autem possimus.', 2, '2019-04-22 19:26:16', '2019-04-22 19:26:16'),
(298, 50, 'Bo Cassin', 'Aut repellat deserunt sed consectetur. Nesciunt illum dolores tempora et voluptatem nam rerum. Facere ex necessitatibus molestiae velit laboriosam iste accusamus.', 2, '2019-04-22 19:26:16', '2019-04-22 19:26:16'),
(299, 46, 'Jayme Pfeffer', 'Sed consequatur animi at quas. Et earum ea atque.', 2, '2019-04-22 19:26:16', '2019-04-22 19:26:16'),
(300, 46, 'Lelah Green', 'Id illum corporis necessitatibus voluptas repellendus consequatur vitae non. Perferendis dolorem culpa aut quia eos. Enim qui nulla magni blanditiis illum.', 5, '2019-04-22 19:26:16', '2019-04-22 19:26:16');

-- --------------------------------------------------------

--
-- Table structure for table `users`
--

CREATE TABLE `users` (
  `id` bigint(20) UNSIGNED NOT NULL,
  `name` varchar(255) COLLATE utf8mb4_unicode_ci NOT NULL,
  `email` varchar(255) COLLATE utf8mb4_unicode_ci NOT NULL,
  `email_verified_at` timestamp NULL DEFAULT NULL,
  `password` varchar(255) COLLATE utf8mb4_unicode_ci NOT NULL,
  `remember_token` varchar(100) COLLATE utf8mb4_unicode_ci DEFAULT NULL,
  `created_at` timestamp NULL DEFAULT NULL,
  `updated_at` timestamp NULL DEFAULT NULL
) ENGINE=InnoDB DEFAULT CHARSET=utf8mb4 COLLATE=utf8mb4_unicode_ci;

--
-- Indexes for dumped tables
--

--
-- Indexes for table `migrations`
--
ALTER TABLE `migrations`
  ADD PRIMARY KEY (`id`);

--
-- Indexes for table `password_resets`
--
ALTER TABLE `password_resets`
  ADD KEY `password_resets_email_index` (`email`);

--
-- Indexes for table `products`
--
ALTER TABLE `products`
  ADD PRIMARY KEY (`id`);

--
-- Indexes for table `reviews`
--
ALTER TABLE `reviews`
  ADD PRIMARY KEY (`id`),
  ADD KEY `reviews_product_id_index` (`product_id`);

--
-- Indexes for table `users`
--
ALTER TABLE `users`
  ADD PRIMARY KEY (`id`),
  ADD UNIQUE KEY `users_email_unique` (`email`);

--
-- AUTO_INCREMENT for dumped tables
--

--
-- AUTO_INCREMENT for table `migrations`
--
ALTER TABLE `migrations`
  MODIFY `id` int(10) UNSIGNED NOT NULL AUTO_INCREMENT, AUTO_INCREMENT=5;

--
-- AUTO_INCREMENT for table `products`
--
ALTER TABLE `products`
  MODIFY `id` int(10) UNSIGNED NOT NULL AUTO_INCREMENT, AUTO_INCREMENT=51;

--
-- AUTO_INCREMENT for table `reviews`
--
ALTER TABLE `reviews`
  MODIFY `id` int(10) UNSIGNED NOT NULL AUTO_INCREMENT, AUTO_INCREMENT=301;

--
-- AUTO_INCREMENT for table `users`
--
ALTER TABLE `users`
  MODIFY `id` bigint(20) UNSIGNED NOT NULL AUTO_INCREMENT;

--
-- Constraints for dumped tables
--

--
-- Constraints for table `reviews`
--
ALTER TABLE `reviews`
  ADD CONSTRAINT `reviews_product_id_foreign` FOREIGN KEY (`product_id`) REFERENCES `products` (`id`) ON DELETE CASCADE;
COMMIT;

/*!40101 SET CHARACTER_SET_CLIENT=@OLD_CHARACTER_SET_CLIENT */;
/*!40101 SET CHARACTER_SET_RESULTS=@OLD_CHARACTER_SET_RESULTS */;
/*!40101 SET COLLATION_CONNECTION=@OLD_COLLATION_CONNECTION */;
